7851.391
1785.082
2839.172
4055.5760000000005
5209.749000000001
5568.658
6270.727
6625.125
7338.332
1644.1390000000001
2573.2509999999997
2702.368
3619.6389999999997
3753.369
4675.505
4823.832
4900.502
5724.822999999999
5870.264
5937.6720000000005
6775.947999999999
6930.146
6983.93
1768.7759999999998
1922.185
1973.399
2572.3669999999997
2822.216
2975.201
3035.746
3612.237
3869.199
4038.7050000000004
4085.9620000000004
4659.156
4914.0509999999995
5082.905000000001
5131.903
5699.878
5984.6089999999995
6145.626
6197.979
6280.259
6761.903
7040.4710000000005
7208.749
7262.094
7338.185
1778.294
2044.8400000000001
2217.457
2268.767
2345.879
2816.5860000000002
3083.258
3295.893
3338.398
3396.1079999999997
3874.8740000000003
4175.43
4351.289000000001
4384.702
4455.216
4485.522
4923.994000000001
5279.693
5403.539000000001
5453.7029999999995
5542.758
5546.9929999999995
6373.398
6434.0419999999995
6456.327
6501.562
6597.127
6602.7
7451.322
7525.875
7544.1140000000005
7561.753000000001
7664.192
7683.314
2260.974
2312.252
2487.4390000000003
2506.507
2530.539
2533.035
3300.9539999999997
3361.755
3556.1150000000002
3591.0299999999997
3613.636
3618.9269999999997
3876.136
4362.566
4417.258000000001
4621.479
4661.98
4685.413
4693.654
5006.877
5426.938
5505.064
5686.945
5709.697
5732.567
5742.619000000001
6066.575000000001
6468.903
6547.783
6731.102
6757.734
6777.539
6785.799
7117.571
7523.471
1469.22
1721.776
1756.046
1755.215
1768.5910000000001
2083.197
2268.089
2439.094
2511.578
2782.136
2822.755
2827.352
2829.26
3150.393
3326.601
3491.025
3562.192
3836.016
3917.059
3922.6800000000003
3926.8709999999996
4207.39
4374.661
4550.849
4612.33
4916.638
5002.789
5026.596
5042.219
5261.343
5425.647
5614.518
5673.105
5962.826
6107.069
6121.392
6119.927
6331.749000000001
6483.505
6664.364
6759.474
6777.696
7004.914000000001
7189.09
7199.3859999999995
7207.089
7396.827
1472.79
1681.749
1755.4769999999999
1774.5910000000001
1998.184
2205.2679999999996
2209.676
2219.369
2473.243
2514.116
2737.2709999999997
2840.4539999999997
2854.4900000000002
3063.2670000000003
3296.3900000000003
3306.091
3308.911
3556.768
3586.252
3822.4719999999998
3893.405
3909.1
4116.44
4497.514
4503.564
4519.997
4690.581
4727.55
5241.657
5259.613
5260.207
5266.6320000000005
5559.351000000001
5594.255
5733.3769999999995
5819.645
5849.907
6289.19
6337.9130000000005
6337.481000000001
6339.749000000001
6586.072999999999
6644.2880000000005
6780.508
6806.667
6866.551
6959.428
7355.434
7441.929
7448.418000000001
7448.548
1638.1509999999998
1674.352
1780.187
1826.7150000000001
1893.977
1945.203
2368.267
2452.395
2453.365
2459.056
2701.833
2731.296
2836.276
3001.567
3217.895
3280.086
3419.1569999999997
3535.069
3535.5319999999997
3538.611
3754.421
3783.368
3908.875
4245.2300000000005
4385.015
4390.647000000001
4471.264
4601.213000000001
4615.821999999999
4616.0509999999995
4818.761
4837.523
4962.424999999999
5377.132
5451.708
5452.670999999999
5523.995
5666.926
5678.447
5694.327
5883.814
5901.155
6014.0019999999995
6270.655
6435.97
6514.953
6526.872
6578.826
6736.157
6762.95
6766.566
6979.047
7042.723
7088.227
7649.37
7652.334
7641.709
7684.918
7846.915
7860.742
7874.906
7905.909000000001
8462.402
8478.273
8486.361
2592.596
2595.944
2607.453
2624.992
2800.178
2804.891
2810.812
2833.324
3400.534
3435.107
3444.464
3800.862
3804.881
3827.709
3829.9089999999997
3883.954
3913.4120000000003
3918.3360000000002
3924.5299999999997
4444.668
4484.6320000000005
4496.177000000001
4872.974
4906.655
4944.996
4941.405
4913.754
5000.42
5019.700000000001
5023.328
5281.459
5495.979
5566.027
5606.403
5943.1539999999995
6020.9349999999995
6039.0560000000005
6051.661
6059.179999999999
6071.837
6088.601
6095.224
6329.225
6543.376
6627.814
6652.583
6999.976000000001
7080.415999999999
7123.293000000001
7147.316
7155.578
7160.017
7165.314
7186.907
7444.217
7613.151
7678.249
7704.704000000001
8062.269
8143.250999999999
8177.422999999999
8238.810000000001
8281.517
8289.739000000001
8290.094
8296.157
8577.971
8673.932999999999
8731.437
8768.946
2020.819
2110.859
2130.002
2195.768
2312.906
2314.039
2320.7490000000003
2324.694
2536.8089999999997
2625.391
2812.2090000000003
2846.7760000000003
2945.055
3061.2219999999998
3180.264
3187.303
3256.5080000000003
3474.3689999999997
3483.627
3490.357
3488.2580000000003
3604.315
3967.991
3997.472
4016.4010000000003
4019.387
4119.2880000000005
4244.405000000001
4317.996
4337.353
4564.053000000001
4574.029
4579.833
4579.409
4664.042
5024.977
5072.943
5085.83
5083.706
5177.0019999999995
5294.866
5547.311
5548.171
5651.254
5687.838
5726.043
5713.797
5751.177000000001
6073.997
6136.8369999999995
6146.253
6153.022
6228.06
6350.222
6659.497
6663.327
6748.111
6771.025
6797.844
6799.495
6812.903
7137.699
7206.76
7228.7480000000005
7249.33
7278.1669999999995
7417.445
1735.377
1745.4769999999999
1820.571
1855.667
1888.084
1886.995
1895.533
2172.87
2251.0629999999996
2267.374
2308.978
2316.2509999999997
2444.749
2819.166
2885.114
3081.275
3109.672
3123.15
3122.264
3174.085
3134.632
3288.346
3349.803
3343.4849999999997
3391.785
3411.751
3519.078
3977.004
4132.791
4164.4310000000005
4189.136
4284.382
4340.192
4340.644
4350.611
4366.228
4452.455
4469.924
4483.6900000000005
4505.464
4576.288
5090.963000000001
5191.205
5218.73
5233.143
5348.355
5408.716
5407.263000000001
5430.178
5428.587
5503.677
5539.495
5541.984
5558.334999999999
5625.091
6323.445000000001
6350.558
6350.196999999999
6354.237
6401.967
6471.822999999999
6487.707
6495.3859999999995
6500.7970000000005
6556.183
6612.722
6613.567
6620.093
6683.535
7436.222
7461.725
7480.978
7503.105
7559.424
7616.253000000001
7622.272
7673.092
7677.133000000001
7715.311
7755.2519999999995
7785.882
7791.782
7808.593
2455.7639999999997
2490.886
2515.321
2519.2549999999997
2594.02
2638.9010000000003
2644.4719999999998
2703.5589999999997
2701.763
2741.07
2776.819
2821.765
2836.643
2838.59
3184.2169999999996
3537.035
3564.619
3584.759
3589.7670000000003
3678.576
3791.4919999999997
3806.639
3819.728
3858.0260000000003
3882.335
3887.219
3917.6820000000002
3925.596
3930.748
4249.1089999999995
4594.116
4623.127
4647.461
4653.401
4732.011
4906.54
4995.054999999999
5006.363
5022.427000000001
5034.312
5049.711
5053.545
5057.9929999999995
5061.759
5322.914
5642.521000000001
5675.436000000001
5711.396
5755.507
5805.545999999999
6269.29
6263.007
6280.302
6285.527
6314.174
6307.210999999999
6310.178
6317.05
6319.214
6369.388
6814.51
6832.218
6852.924
6887.493
6904.824
7470.099
7545.229
7564.158
7600.138
7624.406
7632.827
7625.405
7649.6
7661.205
7658.6179999999995
1745.561
1756.3249999999998
1778.21
1812.7740000000001
1824.425
2173.543
2401.29
2489.575
2560.586
2533.952
2622.704
2661.3030000000003
2668.317
2673.617
2700.076
2712.674
2891.505
2915.4390000000003
2927.436
2917.91
2940.178
3270.72
3457.465
3553.8280000000004
3610.7960000000003
3623.327
3698.7329999999997
3727.969
3786.195
3800.462
3804.022
3805.6130000000003
4018.244
4043.995
4044.1010000000006
4045.7780000000002
4049.3199999999997
4320.69
4507.164000000001
4595.4800000000005
4663.627
4674.3730000000005
4741.46
4771.826
4837.033
4884.147
4895.07
4893.744
5085.256
5125.494
5125.631
5126.331
5131.677
5368.034
5560.834
5855.571
5860.879
5867.474999999999
5884.807000000001
5894.332
5980.856
6002.724
6009.311000000001
6023.004
6139.307
6227.53
6259.811
6263.623
6277.535
6656.488
6683.053
7072.985
7112.423
7106.821
7104.1990000000005
7183.961
7194.699
7247.727
7244.112
7281.335
7329.879
7375.592000000001
7395.409
7402.223
7410.072
7592.657
1652.122
1671.834
2131.3849999999998
2187.4280000000003
2193.0299999999997
2201.127
2253.753
2277.406
2345.7870000000003
2388.627
2389.275
2407.2490000000003
2425.461
2428.545
2434.6299999999997
2441.265
2591.0280000000002
2721.2960000000003
2739.219
3191.669
3249.43
3259.021
3265.4809999999998
3322.774
3341.008
3414.8269999999998
3454.519
3478.23
3508.9809999999998
3517.567
3531.4269999999997
3533.303
3541.246
3643.5780000000004
3786.057
3791.154
4242.696
4311.6849999999995
4326.018999999999
4329.944
4370.914
4388.481
4455.676
4494.122
4529.201999999999
4581.658
4604.773
4612.684
4625.473
4629.678
4685.994
4857.039000000001
4859.672
5284.859
5480.120999999999
5485.165
5492.301
5499.666
5504.896
5544.044000000001
5556.246
5583.407
5621.615000000001
5654.531000000001
5683.4
5690.610000000001
5697.73
5723.427
5900.571
5900.9
6327.489
6581.656
6606.965
6623.773
6630.602
6637.248
6694.183
6698.759
6707.349
6767.187
6771.408
6806.45
6812.196
6820.509
6843.740000000001
7058.139
7077.02
8075.437000000001
8487.601
8740.468
8736.11
8783.842999999999
8784.509999999998
8899.73
9048.007
9063.846
9220.110999999999
9195.475
9197.086000000001
9212.741
9226.065
9270.059
9262.126
9278.473999999998
3376.677
3698.788
3785.598
3808.984
3835.1099999999997
3838.414
4214.966
4509.837
4514.3060000000005
4514.053
4518.254
4533.478
4557.512
4562.378
4563.265
4571.849
4571.318
4573.313
4761.923000000001
4843.127
4862.77
4945.062
4965.132
5404.534
5595.998
5612.068
5660.697
5666.399
5670.0419999999995
5669.535
5744.514999999999
5729.851
5752.255
5758.102
5776.194
5819.814
5963.178
5964.678
6021.779
6053.7
6574.001
6674.224999999999
6692.389999999999
6771.809
6863.0509999999995
7249.452
7569.183
9838.713
10300.742
10281.327
10346.202
10397.194000000001
10455.306999999999
10485.519
10535.385
10538.39
10546.639000000001
10563.739
10686.885999999999
10709.81
10711.861
10733.059000000001
10743.321
10752.088
10996.985999999999
4212.658
4219.422
4224.42
4264.722
4354.749
4364.946
4403.474
4416.928000000001
4434.08
4451.2390000000005
4908.253000000001
4940.0560000000005
4927.009
5054.438
5040.607
5001.317
5101.327
5312.648
5332.413
5370.223
5390.276
5424.25
5449.439
5502.494000000001
5511.961
5534.4439999999995
5559.297
5588.085999999999
6040.676
6058.639
6059.789000000001
6172.227000000001
6185.566
6185.241999999999
6193.3189999999995
6398.7970000000005
6415.629
6496.621
6499.699
6542.854
6553.508
6619.929
6677.922
6727.306
6753.401
6772.711
7172.782
7186.646
7202.072
7238.093
7266.567
7273.079
7281.684
7471.615
7489.228
7699.115
7700.322
7704.2570000000005
7705.455
7717.699
7759.9220000000005
7876.926
7884.42
7884.757
8272.829
8277.262999999999
8288.413
8320.006
8333.589999999998
8357.148000000001
8361.235
8645.452000000001
8674.137
8798.676
8788.363000000001
8801.326
8808.923
8816.879
8838.145
8956.937999999998
8957.456
8968.39
9362.171999999999
9387.057
9390.599999999999
9431.708
9443.718
9446.09
9454.672999999999
9720.573
9740.408000000001
1555.4060000000002
1580.211
1585.6879999999999
1590.421
1602.7420000000002
1619.454
1735.999
1756.205
1761.367
2113.06
2155.426
2168.165
2207.123
2248.229
2249.1850000000004
2268.609
2488.022
2504.364
2610.5139999999997
2639.5339999999997
2671.83
2684.597
2707.9900000000002
2711.706
2821.9880000000003
2865.0299999999997
2879.475
3165.509
3225.2200000000003
3234.118
3254.596
3327.823
3336.426
3343.953
3432.426
3566.916
3567.362
3659.7019999999998
3697.474
3757.429
3779.904
3793.209
3796.196
3910.063
3932.705
3969.154
4235.588
4296.178
4325.452
4325.505999999999
4406.987
4419.362999999999
4426.29
4480.959000000001
4624.139999999999
4628.333
4709.116
4773.138999999999
4804.191000000001
4825.46
4850.282
4848.458
4965.154
4994.476
5030.163
5280.3009999999995
5341.066
5381.2699999999995
5382.22
5467.723
5486.468000000001
5489.205
5523.539000000001
5702.441000000001
5710.4
5744.775
5813.1849999999995
5961.847
6030.923
6035.092
6045.9259999999995
6068.123
6104.529
6104.05
6324.825
6381.6759999999995
6434.477
6440.750999999999
6522.861
6541.627
6555.464
6578.53
6754.957
6759.032999999999
6782.822999999999
6856.593
7037.041
7179.026000000001
7185.1539999999995
7202.912
7254.999
7266.268
7285.4169999999995
7402.142000000001
7615.2210000000005
7709.514999999999
7711.109
7733.493
7743.914
7741.516
7757.469999999999
7843.885
7864.724
7877.341
7918.064
8082.8279999999995
2240.867
2263.137
2279.962
2334.25
2334.895
2335.677
2432.609
2694.786
2738.437
2965.3559999999998
3023.184
3065.031
3076.007
3170.172
3177.464
3194.471
3176.817
3201.5829999999996
3217.355
3319.768
3328.83
3358.947
3413.306
3413.881
3416.232
3494.478
3744.453
3813.285
4062.888
4072.2870000000003
4132.16
4150.439
4241.497
4284.462
4303.229
4306.256
4307.832
4313.37
4384.895
4386.161999999999
4411.215
4483.639
4492.882
4499.133
4549.983
4794.416
4890.796
5135.423000000001
5126.953
5237.889
5253.347
5290.431
5361.135
5408.245
5411.724
5423.5
5435.31
5465.3150000000005
5468.3640000000005
5490.351000000001
5561.6669999999995
5566.999
5568.139
5614.206
5854.860000000001
5970.676
6199.091
6205.675
6290.902
6313.9310000000005
6342.848
6404.013
6478.3910000000005
6493.598000000001
6548.244000000001
6586.1720000000005
6582.707
6588.4980000000005
6621.005
6678.394
6692.662
6754.052
6788.163
6908.852000000001
7165.361
7305.949
7308.031
7427.218
7446.286
7463.091
7479.866
7546.819
7564.276000000001
7612.637000000001
7727.04
7737.508
7786.895
7800.728999999999
7847.2390000000005
7872.398999999999
7888.734
7904.35
1921.662
2179.679
2345.511
2347.179
2471.5600000000004
2493.572
2500.823
2507.4390000000003
2553.726
2567.848
2643.151
2843.9480000000003
2852.538
2855.1600000000003
2885.3740000000003
2892.658
2923.9190000000003
2927.714
2942.817
2966.125
3217.546
3404.634
3406.06
3531.345
3570.1710000000003
3583.5
3589.263
3608.901
3624.348
3773.406
3969.7219999999998
3971.485
3973.832
4008.2120000000004
4008.754
4064.8309999999997
4075.9629999999997
4134.960999999999
4157.860000000001
4271.768
4468.673
4475.508
4580.18
4629.135
4646.864
4659.938
4680.992
4684.663
4825.1359999999995
5055.269
5053.603
5058.759
5177.04
5187.275
5285.931
5296.398
5293.706
5293.789000000001
5319.867
5534.125999999999
5545.624
5723.719
6441.347000000001
6483.9529999999995
6481.226000000001
6539.807
6598.299
6639.987999999999
6671.845
6693.094
6810.808
6766.429999999999
6842.508
6865.1669999999995
6880.928
6879.4490000000005
6826.478
6958.742
7014.262000000001
7018.683
7037.1410000000005
1440.266
1471.9009999999998
1500.646
1570.368
1592.073
1637.642
1703.838
1739.3529999999998
1825.986
1847.8220000000001
1891.117
1901.804
1926.1390000000001
1935.1719999999998
1965.073
1986.817
2065.422
2072.393
2076.14
2491.996
2525.205
2549.676
2619.672
2674.611
2794.8360000000002
2804.915
2811.031
2913.9629999999997
2934.867
3017.716
3022.258
3033.7580000000003
3172.611
3215.798
3244.493
3246.4559999999997
3248.415
3265.247
3625.9359999999997
3653.712
3657.332
3698.274
3726.598
3800.575
3870.408
3888.679
3890.123
4007.2789999999995
4150.791
4273.67
4253.099
4280.954000000001
4278.585
4431.463
4435.661999999999
4438.134
4443.999
4480.778
4688.723999999999
4728.843000000001
4735.464
4770.374000000001
4798.0070000000005
4879.062
4949.845
5064.303
5070.698
5175.65
5259.259
5324.506
5369.271000000001
5367.052000000001
5379.821
5512.117
5537.99
5544.563
5554.896000000001
5561.644
5747.9310000000005
5786.8589999999995
5805.415
5830.287
5859.168000000001
5932.775000000001
6185.846
6184.667
6193.660000000001
6325.5689999999995
6332.888
6364.424
6448.768
6451.083
6456.479
6556.866
6608.207
6648.587
6653.727
6669.018999999999
6803.652999999999
6842.251
6863.779
6881.206999999999
6905.416
6971.316
7289.5599999999995
7301.253
7303.353
7448.043000000001
7481.705
7537.264999999999
7557.088000000001
7559.786
7577.875
7612.174999999999
7667.748
1657.231
1680.0649999999998
1688.5810000000001
1730.87
1775.54
1817.817
1853.1979999999999
1860.916
1900.2740000000001
2230.992
2239.9990000000003
2251.258
2684.556
2719.7239999999997
2903.3669999999997
2921.723
2968.686
2973.402
3004.266
3029.621
3059.192
3080.0
3086.386
3105.692
3116.765
3205.877
3234.1169999999997
3236.382
3241.451
3307.645
3316.1079999999997
3323.35
3731.086
3920.48
3962.5099999999998
3976.3320000000003
4064.313
4022.679
4101.8150000000005
4095.112
4204.842000000001
4211.902
4255.8150000000005
4305.661
4315.036
4524.179
4530.774
4524.394
4625.740000000001
4659.588000000001
4678.093
4694.893
4866.914000000001
4987.556
5077.903
5114.878
5104.321
5253.713000000001
5262.265
5262.495999999999
5269.997
5330.4400000000005
5328.700000000001
5421.379
5428.572
5429.978
5634.595
5652.391
5664.66
5686.1410000000005
5823.425
5822.8679999999995
5854.625999999999
5929.643999999999
6086.6449999999995
6156.572999999999
6189.015
6203.352
6365.3009999999995
6364.576999999999
6366.775
6387.518
6408.486
6410.564
6481.263
6493.849
6498.509
6710.647
6745.395
6756.381
6773.096
6945.409
6973.109
6978.532
7022.297
7137.627
7213.205
7258.707
7272.701
7476.915
7479.986
7479.437
7502.911
7525.897
7528.647
7585.395
7588.997
7585.267
1728.132
1792.183
1796.2910000000002
1807.671
1992.0990000000002
2003.761
2016.814
2047.1460000000002
2145.795
2234.097
2283.229
2291.148
2526.177
2548.586
2554.1749999999997
2571.7819999999997
2579.0
2598.684
2625.802
2630.7239999999997
2631.087
2789.4359999999997
2868.1299999999997
2872.854
2882.9829999999997
3169.02
3173.475
3185.038
3204.8070000000002
3219.668
3275.09
3328.762
3343.41
3572.299
3627.6609999999996
3666.154
3686.929
3731.8120000000004
3742.1319999999996
3767.874
3775.3199999999997
3772.8480000000004
3912.528
3995.082
3992.1639999999998
4032.386
4238.657
4256.4039999999995
4269.517
4294.927000000001
4317.391
4350.599
4385.112
4395.465999999999
4407.725
4630.6050000000005
4663.98
4710.647
4727.457
4796.043
4804.924
4854.874
4853.376
4868.331
4974.794
5062.004
5078.895
5212.736
5287.264
5563.998
5566.804
5597.401
5600.883
5634.9980000000005
5624.811000000001
5649.17
5643.869
5680.775
5706.123
5768.342
5778.563
5841.296
5862.541
5906.802
5921.554
5923.838
6023.645
6116.920999999999
6131.47
6264.64
6326.1849999999995
6623.820000000001
6623.701
6653.523
6669.446
6733.186
6741.835
6743.203
6754.946
6756.589
6772.0070000000005
6812.063
6822.722
6894.407
6908.333
6952.946
6977.843
6978.048000000001
7078.5960000000005
7180.623
7189.646
7304.972000000001
1328.665
1638.678
1643.075
1677.981
1690.8700000000001
1797.844
1813.839
1846.294
1875.624
1880.775
1892.4019999999998
1899.019
1903.444
1944.635
1947.878
2003.931
2027.883
2045.7369999999999
2091.678
2199.756
2213.139
2365.616
2375.8599999999997
2712.504
2713.156
2777.213
2778.1479999999997
2797.368
2875.082
2880.1389999999997
2901.266
2967.779
3014.029
3074.988
3117.352
3137.642
3147.03
3132.266
3141.677
3187.448
3157.0710000000004
3223.282
3275.703
3276.1279999999997
3444.169
3454.456
3768.6440000000002
3770.901
3841.354
3851.526
3875.322
3959.597
3964.073
3988.81
4028.956
4118.667
4144.679
4275.771
4294.293
4297.6089999999995
4308.646000000001
4320.772
4321.307
4327.489
4337.792
4353.331
4353.780000000001
4509.264
4525.789
4819.0
4818.915
4894.874
4915.193
4926.148
5025.358
5032.704
5046.127
5079.6939999999995
5164.653
5191.384
5357.01
5442.161999999999
5457.97
5465.856
5470.46
5479.375
5483.863
5478.039
5489.449
5496.607
5581.737999999999
5582.245999999999
5870.371999999999
5878.116
5937.085
5970.62
5971.148999999999
6079.783
6082.938
6096.078
6120.967000000001
6207.459
6237.259
6402.049
6477.719999999999
6518.994000000001
6542.7609999999995
6570.612999999999
6593.355
6595.551
6599.483
6603.299
6605.314
6628.032
6643.301
6932.726
6935.158
6996.548
7029.741999999999
7032.75
7149.397
7161.469999999999
7175.513
7193.634999999999
7254.048
7285.411
7542.107
7560.982
7587.887000000001
7603.893
7633.084
7690.082
7720.131
7725.254
1697.155
1699.5990000000002
1697.057
1698.9209999999998
1949.263
1953.463
2005.013
2079.9829999999997
2097.661
2198.281
2203.009
2235.964
2249.314
2331.131
2335.1259999999997
2820.343
2833.5629999999996
2872.128
2884.7670000000003
2895.9809999999998
2945.566
2963.333
2958.147
2961.101
2967.0139999999997
2967.44
2977.895
3063.914
3065.219
3085.78
3141.266
3165.046
3271.1839999999997
3300.7810000000004
3363.517
3364.876
3416.065
3453.738
3880.029
3896.4629999999997
3930.3379999999997
3948.693
3960.663
4052.3410000000003
4090.3600000000006
4119.773
4148.563
4179.25
4183.424
4185.1849999999995
4216.232
4213.691
4242.0419999999995
4254.44
4256.1669999999995
4540.043
4659.139999999999
4605.143
4572.078
4763.745
4783.35
4935.457
4950.512
4996.339
5011.018
5022.406
5134.254
5162.4710000000005
5190.9929999999995
5206.46
5273.1320000000005
5283.65
5280.337
5321.572
5324.531
5338.236
5348.164
5348.521
5671.326
5759.013999999999
5788.288
5803.192
5824.469
5867.83
5987.888
6007.219
6135.88
6138.978
6150.987
6182.519
6212.976000000001
6249.849
6264.4310000000005
6349.282999999999
6360.884999999999
6382.912
6416.797
6437.649
6439.670999999999
6449.5199999999995
6449.579
6711.054
6797.811000000001
6844.795999999999
6893.099
6922.494000000001
6928.355
7047.0740000000005
7067.09
7225.942
7246.929
7251.228
7309.997
7323.959999999999
7349.715
7354.679
7421.465999999999
7464.308
7525.661999999999
7554.816
7589.31
7598.091
7603.223
7601.68
7704.474
7757.601000000001
1817.4669999999999
2187.292
2198.228
2204.454
2206.66
2234.604
2242.9719999999998
2304.153
2302.265
2321.972
2355.0339999999997
2385.893
2400.628
2407.808
2436.487
2474.191
2528.684
2554.948
2638.128
2633.324
2660.003
2661.243
2713.11
2755.08
2859.571
3260.103
3269.286
3274.28
3274.1440000000002
3306.553
3311.913
3371.09
3390.297
3395.4339999999997
3438.17
3465.7819999999997
3492.0049999999997
3498.0679999999998
3513.7290000000003
3539.805
3572.409
3597.3419999999996
3737.104
3751.274
3772.6259999999997
3765.0800000000004
3795.366
3807.412
3909.468
4359.282999999999
4365.441
4374.816
4384.446
4396.7029999999995
4400.358
4435.98
4486.696
4494.136
4521.091
4544.193
4556.563
4573.799
4583.247
4602.7789999999995
4628.795
4640.321
4907.556
4940.229
4944.001
4947.567
4977.411
4979.411
5047.361000000001
5460.594
5468.27
5500.081
5496.448
5511.743
5518.985
5531.911
5550.326
5556.7
5579.805
5617.241
5616.648999999999
5638.521
5657.967000000001
5659.696
5687.519
5691.576999999999
5983.88
6023.213
6026.417
6098.169000000001
6107.679
6104.679
6121.737999999999
6530.795
6538.925
6581.105
6586.582
6598.734
6606.05
6635.401
6636.035
6650.628000000001
6666.337
6721.497
6762.918
6759.6759999999995
6810.5960000000005
6872.066
6880.014
6903.8009999999995
7046.016
7147.509999999999
7153.522
7242.273
7242.928
7258.738
7266.631
7668.969
7678.824
7738.869000000001
7750.363
7779.289000000001
7781.532999999999
7799.38
7812.262
7821.874
7831.213
7854.466
7884.889
7889.061
7906.576
8028.4169999999995
8029.194
8056.730999999999
8100.099
2157.5820000000003
2164.67
2265.469
2267.839
2282.243
2298.6589999999997
2742.841
2796.625
2898.0899999999997
2895.41
2930.0449999999996
2936.639
2964.812
2965.734
2991.244
2993.661
3008.997
3020.3940000000002
3049.402
3043.588
3123.6820000000002
3128.56
3154.76
3148.782
3214.8340000000003
3207.815
3336.723
3342.618
3354.839
3362.125
3819.482
3858.937
3984.7039999999997
4036.2609999999995
4193.9039999999995
4203.766
4387.831
4436.117
4430.749
4467.982
4475.626
4490.161999999999
4501.965
4519.3279999999995
4540.95
4566.2880000000005
4572.809
4590.029
4580.816000000001
4607.527
4633.704
4636.237
4638.648
4645.5
4869.762
4909.283
5035.1359999999995
5087.932000000001
5264.090999999999
5284.178
5440.826999999999
5525.133000000001
5550.68
5632.837
5640.141
5640.746
5665.915
5710.216
5751.11
5787.393
5792.265
5812.187
5817.047
5823.706999999999
5830.191
5826.118
5842.7480000000005
5842.120000000001
5916.603
5949.508
6090.473
6143.45
6330.965
6346.402
6487.072999999999
6573.322
6600.241
6712.9529999999995
6738.265
6755.889
6759.756
6792.183
6804.255
6897.423
6991.255
7007.144
7019.313
7018.623
7025.202
7025.41
7043.711
7049.626
7045.195
7070.927000000001
7138.316
7198.028
7386.522
7403.3769999999995
7577.07
7605.767
7633.675
7748.048
7794.792
7803.658
7813.191
7839.289
7852.187
7949.206
8075.844999999999
8140.49
8290.482
8410.661
8418.079
8426.192000000001
8439.985
8463.717
8468.081
8463.612
8508.255000000001
8536.994999999999
8594.237
8607.221
8667.845
8681.967999999999
8699.675
8802.614
8913.921
8929.631000000001
8933.875
8944.299
8968.921
9011.811
2080.617
2250.765
2329.3469999999998
2417.2039999999997
2434.844
2449.083
2467.6110000000003
2492.608
2506.95
2512.0170000000003
2557.255
2574.007
2627.2380000000003
2629.2909999999997
2677.1150000000002
2691.718
2711.954
2802.554
2919.5660000000003
2928.885
2949.141
2967.9739999999997
3001.639
3019.922
3134.187
3334.803
3367.556
3478.791
3589.9339999999997
3619.927
3652.185
3682.887
3683.948
3683.938
3705.9790000000003
3708.956
3716.8709999999996
3734.007
3753.438
3784.94
3783.933
3852.585
3971.59
3975.2900000000004
4013.825
4019.342
4055.1380000000004
4078.2749999999996
4172.234
4389.254
4411.165999999999
4576.781999999999
4641.072
4676.7300000000005
4703.659
4804.897000000001
4804.789000000001
4833.818
4874.893
4906.6720000000005
4908.774
4914.246
4934.748
4936.005
4941.409000000001
4951.187
5020.704000000001
5023.360000000001
5081.869000000001
5112.629
5126.8
5131.311000000001
5212.915
5426.946
5454.372
5649.845
5684.96
5720.723
5793.1
5867.696
5885.12
5907.592000000001
5960.394
6024.952
6038.712
6043.809
6092.25
6092.755
6100.899
6115.472
6158.918
6160.693
6181.441000000001
6185.549
6201.552000000001
6201.655
6214.887
6291.972000000001
6484.231000000001
6563.918000000001
6689.615
6740.647
6772.024
6848.962
6914.919
6935.402
6969.719
7030.4580000000005
7100.978999999999
7122.382
7152.4400000000005
7221.879000000001
7269.297
7328.624
7335.0689999999995
7363.434
7380.015
7400.855
7411.621
7427.71
7422.961
7440.307
7473.8550000000005
7577.066000000001
7616.957
7736.352
1740.341
1771.223
1847.224
1909.8310000000001
1970.368
1991.043
2043.362
2099.498
2121.426
2150.172
2222.172
2271.881
2403.039
2406.678
2413.2760000000003
2428.061
2455.8239999999996
2488.6569999999997
2499.5539999999996
2507.647
2521.045
2519.204
2596.467
2626.613
2735.8570000000004
2798.552
2817.207
2882.8360000000002
2943.837
3016.365
3037.061
3086.998
3144.549
3182.242
3210.323
3278.664
3324.733
3500.261
3513.595
3533.5860000000002
3540.251
3568.056
3594.261
3623.92
3659.124
3669.735
3738.345
3761.244
3795.386
3854.254
4126.814
4189.426
4192.148
4219.774
4277.619
4288.948
4288.216
4301.821
4315.195
4322.4
4352.153
4394.047
4588.636
4597.512
4645.348
4656.532999999999
4667.038
4669.437
4702.853
4724.254
4741.795
4792.53
4808.809
4941.477
5042.472
5170.164
5265.442
5269.901
5279.921
5337.37
5373.45
5399.286
5401.118
5463.515
5447.016
5493.74
5511.432
5713.650000000001
5751.027
5786.349999999999
5811.545
5841.512
5850.941
5863.987
5861.833
5863.255
5893.594
5894.26
5988.133000000001
6125.796
6203.102000000001
6341.6990000000005
6345.598
6349.490000000001
6387.629
6441.149
6459.5869999999995
6473.335999999999
6542.469
6547.495
6599.326999999999
6761.320000000001
6810.115
6843.896
6853.2
6889.671
6928.994000000001
6940.007
6969.5470000000005
6981.308
6995.355
7004.298000000001
7019.688
7043.143
7196.707
7261.48
7445.595
7460.655
7466.3820000000005
7493.576
7525.595
7527.004
7550.2609999999995
7603.254
7620.494
7653.0019999999995
1750.0500000000002
1805.437
1846.619
1855.754
1876.561
1924.262
1931.623
1961.484
1971.079
2052.822
2055.943
2064.241
2067.334
2181.464
2237.071
2439.479
2464.432
2465.607
2487.387
2510.103
2521.148
2536.9449999999997
2573.103
2611.9539999999997
2634.306
2803.6180000000004
2858.4610000000002
2941.81
2953.891
2937.7439999999997
3012.5099999999998
3023.279
3038.438
3076.398
3124.6130000000003
3140.761
3144.0899999999997
3146.094
3225.1409999999996
3284.865
3490.3050000000003
3531.328
3537.417
3562.601
3586.9399999999996
3587.7690000000002
3598.469
3623.46
3655.919
3676.239
3845.757
3913.357
4140.32
4175.78
4183.424999999999
4207.541
4213.003
4226.397000000001
4235.824
4272.847
4276.25
4298.790999999999
4301.381
4315.64
4425.355
4529.89
4608.001
4634.17
4675.719
4694.745
4729.337
4733.658
4765.5779999999995
4773.164000000001
4771.273
4891.456
4960.282
5186.669
5227.688
5247.512000000001
5277.474
5281.897
5301.987999999999
5310.347
5347.555
5348.607
5371.286999999999
5370.227
5389.232
5471.691
5574.387
5656.276
5678.064
5749.782
5758.9259999999995
5787.919
5807.433
5831.951
5845.089
5846.911999999999
5947.476
6008.602
6242.803999999999
6279.964
6298.352000000001
6329.485
6345.973
6360.732
6361.287
6400.284
6429.912
6441.701
6447.821
6451.252
6506.535000000001
6619.3730000000005
6699.715
6729.727
6810.821
6820.407999999999
6844.59
6857.831
6891.225
6907.377
6908.33
6992.132
7079.157999999999
7648.213
7681.682000000001
7686.652
7708.259
7742.157
7741.199
7777.693
7781.523
7795.110000000001
7812.588
7833.514
7823.939
7853.173
7944.746999999999
7972.956
8004.974000000001
8099.53
8135.211
8140.411
8137.744
8155.474
8165.414
8181.806
8182.518
8212.213
2662.499
2707.7270000000003
2730.326
2743.574
2790.851
2788.672
2819.772
2836.5269999999996
2850.424
2886.2960000000003
2897.71
2910.02
2912.821
2981.2690000000002
2998.872
3027.149
3124.677
3267.028
3277.527
3283.29
3309.9660000000003
3316.635
3331.7980000000002
3334.694
3344.4829999999997
3703.723
3769.6710000000003
3828.085
3836.831
4061.819
4110.887
4158.709
4168.756
4185.082
4196.354
4201.768
4205.47
4212.482
4214.424
4220.51
4224.305
4229.518
4243.75
4303.812
4320.077
4334.511
4371.812
4451.116
4439.438
4475.7119999999995
4473.639999999999
4780.908
4815.485
4878.127
5032.196
5102.3820000000005
5155.161
5244.119000000001
5297.143
5341.719
5363.088000000001
5375.285
5387.653
5388.722
5420.261
5443.665
5445.822
5480.006
5479.95
5491.085
5532.256
5545.3330000000005
5552.754
5581.3769999999995
5598.148
5599.465999999999
5600.257
5833.965
5865.973
5925.734
6072.588
6145.6900000000005
6201.034
6298.649
6358.152999999999
6395.7
6420.161
6441.771
6464.025000000001
6469.034
6533.986
6698.025000000001
6751.878
6787.893999999999
6800.397
6804.838
6808.627
6838.487
6847.966
6830.318
6853.089
6852.939
6855.456
6893.283
6916.203
6969.6759999999995
7119.294
7183.771
7247.1269999999995
7339.734
7404.211
7450.217000000001
7480.645
7508.728999999999
7533.485
7542.026
7610.769
7760.835
7807.196
7914.646000000001
7999.485
8006.147
8012.3099999999995
8052.8460000000005
8082.779
8102.045
8119.784
8120.945000000001
8134.913
8143.667
8149.6849999999995
8159.129
8184.9439999999995
8249.917
8298.405999999999
8395.405999999999
8471.096
8521.693000000001
8541.205
8575.169
8725.994999999999
8807.097
8823.777
8875.401
8906.19
1938.801
2046.1079999999997
2104.275
2116.4550000000004
2133.772
2211.2980000000002
2225.791
2252.501
2259.598
2273.062
2287.0370000000003
2292.319
2315.143
2327.248
2343.896
2354.192
2403.8979999999997
2479.283
2702.554
2709.219
2710.054
2756.2400000000002
2851.5389999999998
2857.545
2894.9829999999997
2917.0029999999997
2989.127
3090.1580000000004
3154.257
3160.32
3184.7349999999997
3280.951
3290.105
3356.4790000000003
3405.6099999999997
3406.714
3430.44
3444.145
3444.3700000000003
3446.029
3444.6949999999997
3465.357
3478.041
3551.182
3777.947
3786.626
3796.941
3820.177
3889.943
3902.253
3936.267
3961.9049999999997
4037.75
4153.602
4213.979
4246.462
4243.492
4353.8189999999995
4380.035000000001
4479.563
4510.322999999999
4564.939
4570.097
4597.776
4593.867
4610.361
4606.380999999999
4604.7919999999995
4680.777
4679.255
4899.924
4888.075
4910.213
4958.731
4974.42
4969.59
5002.525000000001
5040.856
5093.794
5217.204
5288.76
5312.787
5314.718
5401.179
5424.214
5527.08
5566.535
5631.546
5656.853
5835.465
5834.512
5844.605
5837.574
5888.27
5895.401
5890.195000000001
5958.919
5966.286
5966.047
6015.729
6043.476
6045.778
6063.901000000001
6094.224999999999
6138.676
6277.247
6496.263
6518.9890000000005
6504.495999999999
6535.539
6546.219
6573.116
6610.38
6757.709
6781.867
7006.316
7003.882
7026.122
7051.576
7090.343
7104.674
7122.731
7153.006
7182.055
7230.899
7232.402999999999
7233.123
7263.019
7272.272
7271.005
7276.941
7321.990000000001
1577.228
1586.395
1592.857
1596.404
1594.107
1616.88
1631.768
1793.656
1803.4889999999998
2213.732
2218.504
2229.3120000000004
2246.3160000000003
2315.192
2318.28
2323.3100000000004
2348.2729999999997
2383.201
2404.887
2425.2090000000003
2449.868
2468.668
2470.346
2474.616
2496.165
2492.369
2644.9139999999998
2685.271
2699.004
2705.297
2709.058
2720.174
2722.875
2848.8540000000003
2862.876
4176.321
4238.0509999999995
4251.176
4324.9310000000005
4329.034
4394.639
4393.788
4401.703
4414.345
4437.612
4449.901
4462.419
4459.923
4544.563
4556.907
4556.8189999999995
4570.646
4566.026
4614.827
4630.8910000000005
4634.9439999999995
4656.512000000001
4682.75
4712.599
4716.464
4726.434
5282.463
5345.461
5494.889999999999
5497.095
5496.532
6047.397
6029.423000000001
7204.183
7262.324
7347.834
7364.689
7371.159
7401.853
7510.465
7549.15
7551.972
7603.513000000001
7595.710999999999
7623.4710000000005
7629.619
7679.229
7694.611
7702.795
7731.334000000001
7753.853
7778.22
7778.914000000001
7796.871
7810.994
7817.168
7855.199
3350.412
3362.4939999999997
3377.4289999999996
3381.559
3426.304
3422.6890000000003
3475.337
3520.436
3520.429
3554.818
3599.8610000000003
3718.429
3729.078
3729.511
3788.305
3844.751
3861.686
3876.133
3910.7400000000002
3924.381
3963.588
3967.05
3973.372
4000.3080000000004
3994.8269999999998
4007.815
4435.854
4465.415
4498.502
4503.772
4549.926
4557.835
4593.448
4611.318
4617.338
4631.635
4662.69
4833.253
4887.176
4938.91
4944.577
4965.382
4977.387000000001
4984.9800000000005
5006.512
5028.642
5123.401000000001
5174.955
5179.395
5184.767
5184.574
5200.3859999999995
5483.831
5519.081
5623.624000000001
5691.170999999999
5698.0560000000005
5737.178
5788.84
5809.274
5816.611
5815.973
5835.6269999999995
5967.365
6090.184
6168.387
6228.747
6272.236999999999
6312.107
6371.021
6588.942
7144.366
7535.063
7746.012000000001
7764.5160000000005
7797.920999999999
7835.96
7859.143
7888.899
7915.271
7917.455
7903.621
7930.651
7942.408
7930.577
7971.098
7979.776
7978.541
7996.553
7980.1539999999995
7996.842
8036.987999999999
8071.0289999999995
8078.401
8085.706
8086.14
8173.966
8387.051
8763.172
8879.666000000001
8880.277
9095.421999999999
9386.323
9623.24
9670.63
9681.789999999999
9702.614000000001
9702.868
9739.688
9771.649
9777.542000000001
9815.03
9828.418
9844.528
9872.572999999999
9878.717
9885.966
9890.134
9913.737
9932.164
9917.312
9915.13
9988.163999999999
10029.375
10048.691
10093.282000000001
10105.029999999999
10245.857
3474.258
3879.33
4017.3259999999996
4037.9449999999997
4128.824
4159.716
4167.575
4284.590999999999
4522.0830000000005
4543.24
4520.188
4564.384999999999
4575.683
4596.649
4595.225
4601.638999999999
4575.596
4612.61
4586.121999999999
4612.1759999999995
4626.477000000001
4627.836
4640.009
4658.5650000000005
4637.2609999999995
4697.196
4745.424
4959.192
5088.92
5108.379
5212.455
5265.709
5329.214
5777.57
6012.836
6019.7029999999995
6070.276
6078.633
6074.967
6063.04
6085.155000000001
6080.33
6076.361999999999
6091.351000000001
6110.1359999999995
6148.666
6135.316000000001
6140.214
6141.406
6191.526
6191.072
6213.532
6225.351
6224.001
6229.504000000001
6252.84
6279.614
6332.833
6375.241
6837.467000000001
7121.291
7140.733
7315.1140000000005
7338.115
7370.426
7392.451
7411.441
7459.682
7468.33
7498.241
7514.247
7529.353
7529.518
7533.351
7590.718
7643.603
7695.294
7721.187
7765.780000000001
7765.169
7788.085
7720.284000000001
7792.045
7812.801
7796.177
7926.292
8225.296999999999
8227.919
8420.195
8489.556999999999
8540.023
8595.935000000001
8646.022
8793.380000000001
8993.774
9079.609
9137.84
9164.548999999999
9188.601999999999
9196.166
9292.573
9303.286
9394.804
9403.893
9401.662999999999
9441.845000000001
9448.097
9459.906
9443.098000000002
9481.438
9464.525
9492.615000000002
9540.265
9570.233999999999
9601.648000000001
9620.414999999999
9650.274
9662.127999999999
9735.042
9936.577
3355.225
3555.2999999999997
3677.327
3712.2000000000003
3721.24
3724.73
3769.183
3807.594
3812.1459999999997
3855.714
3884.651
3917.936
3930.776
3935.521
3978.2670000000003
3978.161
3984.8810000000003
3976.701
3995.812
3999.893
4025.1210000000005
4044.821
4057.3810000000003
4051.922
4097.237
4121.719
4465.886
4666.465999999999
5064.777999999999
5403.646
5454.615000000001
5454.567
5514.311000000001
5524.4980000000005
5556.099999999999
5556.965
5555.973
5588.8330000000005
5595.125999999999
5595.468000000001
5624.928
5631.818
5657.827
5638.778
5683.092000000001
5691.154
5694.241
5724.337
5742.168000000001
5752.416
5758.591
5776.995
5780.291
5804.432000000001
6201.437999999999
6475.59
6553.705
6570.731000000001
6989.559
7012.88
7010.471
7019.053000000001
7059.196
7161.983
7200.351000000001
7195.908
7262.007
7327.7789999999995
7281.224
7361.724999999999
7266.968999999999
7304.261
7456.926
7506.014
7507.552
7548.031
7546.858
7530.934
7585.213000000001
7607.741
7689.717
7714.062
7814.996
7846.752
8095.813
8262.235
8469.555
8511.096
8458.426
8756.241
8786.26
8872.068000000001
9046.349
9070.292
9069.505
9063.922
9097.973
9124.202000000001
9142.523000000001
9126.574
9261.694
9298.464
9296.378
9326.879
9527.002
9539.347
9548.233
9559.065999999999
9585.724
9620.663
9685.615
9718.221
9719.426
9747.624
9929.351999999999
9871.288
9999.313
10046.341999999999
10049.386999999999
10182.04
10208.01
10225.313999999998
10270.53
10290.767
10360.994
10364.916
10377.447
10401.32
10425.145
10437.392
3302.4179999999997
3467.392
3505.31
3529.515
3534.0750000000003
3554.884
3569.659
3625.6940000000004
3781.724
3813.326
3829.122
3874.495
3881.231
3929.577
3955.288
3968.46
4083.94
4115.308
4144.097000000001
4187.687000000001
4198.998
4269.522
4281.673
4303.961
4301.83
4355.182
4366.684
4370.863
4530.737
4573.094
4626.289
4627.0689999999995
4642.746
4646.3279999999995
4668.356
4869.674
4904.547
4928.1990000000005
4940.552000000001
4946.138999999999
4983.102
5015.416
5031.1630000000005
5135.553
5177.6179999999995
5214.606
5232.548000000001
5258.421
5319.1759999999995
5333.789000000001
5382.5070000000005
5385.402
5439.392
5453.344
5459.117
5574.843000000001
5636.731
5733.9529999999995
5762.986
5769.596
5779.195
5798.567
5915.292
6041.131
6099.761
6117.727999999999
6133.209
6135.249
6135.469
6141.991
6199.077
6226.217000000001
6256.307
6271.645
6295.597
6364.733
6378.803
6445.063
6466.498
6515.922
6527.7390000000005
6541.164
6616.628000000001
6687.843
6770.804
6873.363
6880.305
6882.637
6943.660000000001
7044.05
7085.637000000001
7157.813
7172.6320000000005
7184.880999999999
7212.275
7230.955
7262.063999999999
7339.867
7441.268
7457.644
7480.704000000001
7495.662
7502.587
7509.41
7523.8060000000005
7541.608
7544.186
7573.984
7585.171
7598.728999999999
7682.328
7753.563
7852.543
8037.057000000001
8038.6539999999995
8061.009
8096.481000000001
8149.6720000000005
8173.087
8209.856
8230.695000000002
8258.166
8278.094
8308.163999999999
8321.557999999999
8393.508
8621.309
8654.305
8707.898000000001
8742.943000000001
8805.913
8878.814999999999
8964.844
9059.259
9002.981
8997.322
9135.42
9082.556
9214.533
9221.492
9244.283
9277.022
9381.674
9412.649
9454.061
9454.128
9715.222000000002
9743.140000000001
9793.637999999999
9748.134
9794.349
9820.139
9825.615000000002
9876.966
9903.342
9916.634
9927.054
9938.250999999998
10062.599
10404.219
10837.921
10891.612000000001
10975.823
11292.462
10993.923
11363.849
11374.266
11328.512999999999
11404.23
11562.304
11989.348
12010.532
12172.127
12191.401000000002
12347.825
12380.449999999999
12382.752999999999
12454.197
12477.319
12562.104
12619.389
12624.869
12604.509
12673.748
12689.785
12694.502
12730.871000000001
12750.562
12848.545
12887.326
12993.176
13040.405
13043.451
13143.813
13093.797
13139.809
13152.914
13151.747
13198.539999999999
13219.244
5216.894
5228.726
5357.761
5374.119000000001
5485.055
5592.289
5658.477000000001
5683.803
5726.319
5825.379
5848.523
5979.677
5993.106
6001.347
6037.238
6090.34
6110.5
6158.41
6215.207
6262.139
6299.293
6324.12
6326.414
6340.849
6350.917
6362.6449999999995
6389.419
6417.157999999999
6530.165
6540.033
6594.556
6620.987999999999
6655.371999999999
6694.1269999999995
6753.536999999999
6874.005999999999
6997.796
7019.418
7076.911
7162.236
7211.551
7252.585
7842.714
7868.157
7934.686
8278.285
8318.651
8361.617
8366.016
8413.467
8531.973
8553.699
8604.221000000001
8704.710000000001
8711.908
8747.027
8749.534000000001
8756.008
8765.762999999999
8775.128999999999
8775.525
8817.627999999999
8847.598
8916.919
8932.312
8942.163
8991.163
9024.815
9042.002
9035.919
9102.681999999999
9102.153
9102.371
9486.483
9528.972
9530.176000000001
9548.079
9556.425000000001
9965.645
9969.58
9988.006000000001
10018.73
10029.994
10037.25
10072.846
10085.649
10102.407
10102.252999999999
10120.832999999999
10139.423
10167.043
10185.899
10189.531
10195.991
10218.482
10240.848
10259.996
10268.198
10271.601
10272.323999999999
10276.267
10542.657000000001
10660.311
10661.161
10678.144
10682.098
12193.822
12212.315
12282.259
12284.549
12294.047
12304.097
12346.717999999999
12346.836
12351.929
12358.122
12356.677
12371.515000000001
12372.14
12379.623
12377.672
12410.909
12416.793
12420.693
12422.261
12423.437
12432.792
12449.816
12449.097
12434.569
12433.567000000001
12450.191
12446.087
12472.133
12524.078
3680.35
3697.196
3732.163
3783.875
3889.0280000000002
3903.787
3984.004
4080.5870000000004
4114.9310000000005
4114.4220000000005
4143.526
4150.305
4154.505999999999
4175.369
4176.094
4209.165
4204.155
4200.965
4193.633
4229.354
4231.251
4246.228999999999
4244.995
4239.514
4245.35
4241.541
4231.715999999999
4249.404
4253.675
4761.9490000000005
4767.173
4782.355
4837.078
4942.994
4961.15
5027.315
5168.072
5167.311
5180.912
5200.719999999999
5226.232000000001
5238.944
5245.293000000001
5360.871999999999
5378.802000000001
5410.157
5461.723
5458.532
5474.400000000001
5468.542
5480.955
5480.619
5487.409000000001
5515.389
5507.405000000001
5523.293
5530.347
5532.261
5830.3279999999995
5833.441
5861.2390000000005
5893.249
5993.71
6012.143
6070.004
6377.382
6366.345
6380.601000000001
6387.988
6467.938
6479.9980000000005
6472.575
6524.636
6643.139
6647.0419999999995
6670.1269999999995
6689.871
6693.901000000001
6696.894
6743.646
6744.312
6770.032999999999
6772.402
6773.651
6785.374
6793.67
6792.831999999999
6883.6
6892.677
6922.557000000001
6942.52
7301.946
7324.754000000001
7855.429
7886.389
7987.807
8124.169999999999
8166.334000000001
8177.079000000001
8177.286999999999
8176.781
8211.294
8256.195
8260.627
8281.340999999999
8285.342999999999
8300.081
8308.122
8304.836
8306.905
8311.166
8344.632000000001
8360.347000000002
8378.802
8399.764
8409.601
8427.926
8430.109
8442.355
8479.32
8530.049
8534.423999999999
8933.903
8950.417
9223.077
9844.893
9904.045
9894.007
9908.995
9917.876
9904.026
9941.232
9925.651
10131.993
10340.651
10317.756
10410.703
10430.163
10461.29
10481.097
10495.995
10516.696
10558.955
10570.793
10582.353
10586.713
10601.228000000001
10604.825
10633.167
10638.400000000001
10657.824
10667.662999999999
10683.537
10709.894999999999
10925.884999999998
11182.798
11212.058
11269.864
11286.952
11306.969000000001
11309.202000000001
11317.076000000001
11327.762
3328.8700000000003
3336.182
3373.4359999999997
3448.7450000000003
3474.2039999999997
3486.096
3500.8379999999997
3509.001
3729.923
3779.86
3795.308
3806.132
3808.189
3835.037
3832.0029999999997
3833.951
3843.446
3842.6490000000003
3847.9339999999997
3853.33
3957.567
4136.812
4174.158
4258.807
4291.216
4298.544
4301.053
4306.606000000001
4321.16
4389.134
4392.753
4430.571
4518.028
4537.631
4550.623
4565.509
4576.551
4793.078
4831.6179999999995
4931.389
4987.046
4987.039000000001
4987.987999999999
5030.021
5032.449
5033.918
5045.497
5047.311
5062.436
5071.058
5183.644
5218.1759999999995
5316.907999999999
5363.400000000001
5392.394
5408.655000000001
5405.822
5417.16
5452.339
5453.947
5477.863
5577.562999999999
5653.164000000001
5658.336
5675.077
5682.629000000001
5853.3099999999995
5931.428000000001
5995.3589999999995
6062.133
6141.525
6132.5070000000005
6207.24
6231.242
6268.174
6277.566
6274.09
6298.128000000001
6302.837
6319.75
6322.969
6367.736
6445.604
6514.219
6549.195
6561.319
6569.828
6580.4580000000005
6608.793000000001
6612.1990000000005
6720.83
6760.39
6768.7660000000005
6789.176
6796.522000000001
6931.465
6993.577
7063.026
7130.012
7209.754
7219.55
7317.333
7382.293
7436.489
7462.946
7463.345
7478.102
7487.1179999999995
7504.9400000000005
7506.947
7521.017
7557.656
7594.249
7677.957
7679.719
7707.4220000000005
7713.441000000001
7723.909
7732.725
7834.169
7975.013
7984.062
7991.177000000001
7997.228
8054.0830000000005
8068.629
8117.032
8184.427
8362.225
8445.940999999999
8508.504
8514.020999999999
8616.635
8714.614
8746.943
8774.607
8806.941
8811.152
8818.625
8857.011
8886.269
8933.125
8995.272
8997.566
9145.376
9163.017
9165.437
9193.984
9290.329
9387.067000000001
9423.049
9421.466
9468.536
9465.958
9486.431
9490.214999999998
9534.798999999999
9616.726999999999
9618.406
9632.510999999999
9644.934
9678.728
9776.567
9824.249
9862.533000000001
9895.894
9907.871
9919.859
9945.998
9963.172
9999.423999999999
10067.624
10077.232
2960.226
2999.632
3006.9210000000003
3030.2889999999998
3139.3360000000002
3559.421
3618.964
3642.5640000000003
3657.417
3666.941
3689.255
3699.56
3709.42
3714.1600000000003
3699.744
3920.2490000000003
3971.167
4042.492
4037.2519999999995
4046.3440000000005
4046.3509999999997
4061.6000000000004
4159.494
4177.563
4210.965
4211.0019999999995
4256.794
4281.871
4284.6089999999995
4299.991999999999
4301.877
4314.742
4304.656
4319.689
4625.801
4700.323
4759.366
4960.787
4956.032
4952.724
4975.099
4976.834
4969.929999999999
4979.1449999999995
5029.363
5091.319
5141.536999999999
5149.974
5167.82
5196.557000000001
5197.828
5269.4130000000005
5271.995000000001
5280.001
5314.467
5345.179
5424.505
5424.598
5424.415
5443.86
5447.092
5447.939
5468.174
5686.682
5787.829000000001
5844.509
6075.678
6090.251
6158.419
6179.777
6203.6410000000005
6209.567
6218.848999999999
6226.625
6245.916
6247.295
6278.957
6284.447
6293.687
6302.829
6382.617
6391.232
6407.515
6422.554
6434.171
6570.017
6575.1939999999995
6587.658
6598.483
6608.2919999999995
6611.331
6617.329
6737.209
6903.149
6926.153
7127.95
7148.698
7218.865
7239.975
7299.867
7315.847
7325.901
7352.982
7369.661
7373.53
7396.424
7406.241
7412.339
7407.061
7484.4169999999995
7519.9980000000005
7544.891
7547.833
7562.595
7635.045
7656.029
7687.947999999999
7708.839
7708.875
7714.553000000001
7722.2660000000005
7792.266
7959.613
7978.169
8208.839
8231.715
8285.117
8329.020999999999
8431.566
8467.617
8487.353000000001
8528.966
8531.085
8550.875
8585.876
8593.878
8592.992
8630.096
8664.879
8679.58
8687.167000000001
8690.014
8712.309
8765.364
8785.341
8809.713
8899.129
8910.657000000001
8919.157000000001
8953.210000000001
8949.726
8982.309000000001
9033.213
9106.985
9291.014000000001
2270.667
2313.1400000000003
2351.3480000000004
2430.797
2660.815
2695.152
2765.669
2791.553
2801.8329999999996
2816.055
2816.279
2833.542
2866.6839999999997
2881.934
2887.651
2914.2760000000003
2917.115
2919.096
2925.085
2965.845
3021.6029999999996
3076.766
3100.04
3107.3909999999996
3109.796
3110.106
3123.929
3135.125
3165.251
3315.7740000000003
3345.907
3379.99
3405.397
3485.283
3712.325
3744.281
3830.178
3908.023
3940.853
3966.606
3990.723
4034.019
4097.959000000001
4102.263
4142.509
4116.057
4152.191
4165.530000000001
4169.494000000001
4216.688
4252.682
4266.917
4270.754
4273.333
4277.455
4294.380999999999
4306.0650000000005
4296.913
4314.941
4380.329
4398.3369999999995
4423.384
4450.723
4603.269
4755.084
4783.921
4920.179
5005.664000000001
5013.82
5041.023
5065.146000000001
5096.87
5250.216
5282.292
5360.849
5367.557
5377.7
5391.147
5386.777
5573.697
5571.032999999999
5605.657
5598.332
5637.655
5650.143
5658.527999999999
5696.946
5694.468
5655.951
5710.712
5720.028
5709.909
5720.763
5738.05
5797.612
5827.601
5961.176
6102.285
6106.298
6129.422
6275.951
6306.093
6314.824
6341.171
6439.664
6476.68
6527.031
6534.112
6548.924
6656.661
6725.441
6741.215999999999
6759.668
6796.839
6827.618
6900.742
6904.376
6973.492
6963.809
6973.969
6979.130999999999
6985.7300000000005
6976.157999999999
7000.094
7022.515
7031.796
7050.61
7167.859
7171.255
7345.96
7356.709000000001
7398.317
7399.315
7407.974
7503.432
7537.115
7607.501
7622.232999999999
7641.269
7735.141
7806.766
7818.357
7818.038
7869.642
7965.028
7991.778
8170.75
8182.584999999999
8243.243
8274.453
8302.618
8380.858
8383.192
8388.073999999999
8422.029999999999
8408.204
8431.265
8422.139
8487.584
8502.134
8545.793
8558.74
8563.473
8569.556
8593.735
8614.134999999998
8689.963
8709.276
8722.844000000001
8791.415
8886.389
8926.035
8935.668
8976.768
9069.031
9091.875
2199.272
2214.6910000000003
2249.314
2284.857
2658.0240000000003
2688.046
2725.2450000000003
2735.9840000000004
2753.913
2773.558
2795.2509999999997
2813.868
2834.774
2835.9100000000003
2846.9950000000003
2853.459
2874.022
2873.05
2879.083
2881.161
2898.611
2912.94
2918.623
2962.679
2967.976
2990.071
2995.956
3089.846
3113.12
3121.105
3249.402
3265.4030000000002
3297.9210000000003
3422.317
3709.774
3758.004
3814.8529999999996
3823.426
3829.92
3844.7819999999997
3855.374
3880.036
3915.8430000000003
3959.5150000000003
4092.676
4105.277
4161.467
4190.726
4207.741
4213.45
4217.902
4269.775000000001
4285.4349999999995
4288.614
4304.677
4319.334
4327.147
4326.3369999999995
4336.159000000001
4357.614
4373.297
4375.9980000000005
4379.392
4463.032
4880.61
4922.043000000001
4949.008
4962.39
4962.150000000001
4993.019
4982.317
5178.573
5201.174
5267.477000000001
5248.232
5312.674
5446.9580000000005
5452.583
5456.003
5466.033
5558.485
5595.964999999999
5628.709
5638.674
5650.341
5713.0289999999995
5726.135
5735.045999999999
5737.3
5712.827
5743.842
5715.678
5838.503000000001
5957.405
6074.004999999999
6136.177
6193.094999999999
6209.733
6203.280000000001
6205.866999999999
6211.598999999999
6276.773999999999
6278.066
6327.738
6392.33
6405.43
6561.147
6575.05
6609.208
6617.179
6744.524
6760.793
6809.907
6818.8550000000005
6824.795
6885.537
6937.557
6935.134
6955.204
6958.432
6975.829
7413.242
7438.093
7577.8150000000005
7566.428
7638.014
7665.555
7665.048
7673.17
7700.807
7737.608
7764.76
7870.963
7873.326
7921.371
7919.09
8043.714
8108.993999999999
8131.747
8137.522000000001
8189.477
8207.909000000001
8243.623
8247.239
8274.468
8273.478000000001
8291.076000000001
8381.819
8293.617
8445.029
8462.704
8530.440999999999
8546.941
8665.581
8676.4
8734.178
8789.371
8807.377
8816.39
8833.019
8837.523
2812.8940000000002
2838.524
2840.08
2905.31
2930.151
2976.263
3036.507
3092.17
3091.4410000000003
3146.3179999999998
3206.732
3294.972
3308.564
3312.603
3329.8540000000003
3419.4010000000003
3429.4410000000003
3463.625
3466.1209999999996
3518.101
3522.607
3541.8340000000003
3620.533
3640.548
3682.627
3740.327
3810.176
3868.7019999999998
3879.5679999999998
3900.815
3972.768
4032.4970000000003
4051.5869999999995
4098.555
4130.928
4149.964
4199.425
4221.924
4226.466
4406.306
4486.427
4657.109
4715.206
4758.562000000001
4769.552
4762.518
4781.299
4851.281
4873.2699999999995
4898.6320000000005
4923.508
5052.921
5141.233
5188.222
5395.627
5528.642
5641.763
5719.419
5894.756
5859.434
5894.942999999999
5910.215
5910.381
5899.964
6001.804
5988.998
6100.331999999999
6108.061000000001
6144.266
6186.573
6232.22
6244.6630000000005
6252.991
6281.95
6290.641
6292.316
6302.075999999999
6313.603
6322.282999999999
6331.610000000001
6332.4800000000005
6365.419
6384.863
6387.296
6582.61
6644.889
6792.398999999999
6847.245
6995.790999999999
7049.464999999999
7070.592000000001
7091.986999999999
7096.299
7114.54
7129.13
7164.961
7206.485
7210.418
7229.422
7241.481000000001
7384.089999999999
7435.437
7440.768
7523.248
7525.283
7527.49
7550.349
7573.781999999999
7587.742
7584.664
7593.61
7588.357
7594.768
7606.191
7630.539
7683.224
7847.204
7902.670999999999
8050.796
8118.131
8213.426
8230.698
8234.123
8232.618999999999
8322.129
8425.144
8436.962
8457.514
8529.74
8548.891
8585.369
8601.98
8623.871
8687.319000000001
8686.211
8749.482
8793.42
8809.211
8810.304
8816.92
8857.053
8861.914
8926.703
8987.715
8929.661
9013.168
9176.318
9187.350999999999
9198.93
9219.749
9297.221
9330.487
9345.911
9360.454000000002
2430.7850000000003
2474.809
2486.724
2534.876
2567.174
2594.034
2639.053
2667.4120000000003
2676.022
2714.681
2719.8340000000003
2757.596
2802.87
2893.569
2894.5389999999998
2902.3720000000003
2929.547
2931.711
2953.933
3101.9649999999997
3131.212
3149.321
3202.013
3226.192
3229.205
3244.0829999999996
3296.329
3382.155
3394.1780000000003
3395.357
3480.078
3528.14
3540.1169999999997
3654.7329999999997
3690.3320000000003
3837.27
3916.589
3980.0049999999997
3966.829
4027.7770000000005
4056.368
4074.699
4089.3379999999997
4162.154
4166.051
4187.74
4191.164
4201.513
4224.38
4249.657
4269.586
4282.206
4330.674
4330.654
4341.433999999999
4355.473
4364.579
4450.826
4478.398
4489.803
4694.0289999999995
4702.798
4734.937000000001
4743.181
4872.271
4915.705
5071.411
5242.862999999999
5245.043
5281.933
5288.588
5291.148
5361.646000000001
5437.522999999999
5502.046
5519.889
5549.744
5565.521000000001
5571.009
5574.339
5577.917
5600.2660000000005
5621.691
5625.601
5651.218
5667.366
5671.0019999999995
5683.019
5714.732
5715.241
5776.360000000001
5786.098
5824.1050000000005
5812.1
5927.776
6005.747
6142.884
6352.187
6488.622
6477.331999999999
6509.805
6538.674999999999
6551.137
6563.09
6588.650000000001
6675.213000000001
6789.428
6868.736
6916.6449999999995
6966.522999999999
6973.72
6985.9039999999995
6983.7480000000005
7010.134
7025.778
7035.071
7042.8369999999995
7050.557000000001
7065.348
7069.543000000001
7089.409
7095.035
7108.6669999999995
7118.0599999999995
7131.835
7139.3
7190.216
7416.49
7557.236
7566.935
7583.405
7619.911
7635.561
7650.278
7652.99
7739.121
7872.933
7910.523999999999
7959.561
8059.2699999999995
8078.715000000001
8097.642000000001
8100.872
8139.173
8242.511999999999
8290.196
8320.331
8330.141
8377.432
8387.248
8393.421
8398.101
8413.081999999999
8393.085
8425.372
8448.815
8453.43
8531.26
8662.211
8691.895
8698.931999999999
9054.743
9061.021999999999
9213.151999999998
9265.93
9324.108
9350.596
9384.561
9394.801
9387.411
9425.067000000001
9456.905
9499.482
9527.425
9530.418
9618.036
9635.880000000001
9672.948999999999
9709.835
9712.076
9720.481
9733.28
9742.823
9763.105
9768.698
9766.263
9783.501
9819.103000000001
9829.258
9847.697
9881.531
3053.089
3063.6899999999996
3185.438
3240.5719999999997
3320.02
3354.6969999999997
3409.46
3422.6079999999997
3440.252
3599.004
3636.3089999999997
3666.341
3733.319
3728.3089999999997
3736.31
3767.049
3848.598
3878.8610000000003
3896.623
3907.683
3923.553
3958.2980000000002
3952.616
3961.085
3963.616
3979.964
4006.3300000000004
4046.6749999999997
4060.538
4063.033
4122.851
4117.613
4242.185
4294.6939999999995
4386.277
4427.248
4464.023
4486.065
4511.126
4766.381
4872.379
4906.74
4944.696000000001
4955.61
4954.453
4974.173000000001
4983.37
5014.334
5067.653
5139.7519999999995
5276.854
5308.584
5320.111
5337.302000000001
5346.460999999999
5345.031
5363.548
5384.8330000000005
5410.562
5419.546
5414.029
5422.924
5442.366
5466.3820000000005
5490.8369999999995
5509.58
5553.074
5573.936
5596.2480000000005
5838.429999999999
6122.392
6172.495
6171.472
6220.531
6227.777
6246.202
6252.697999999999
6254.021
6254.668
6268.554
6323.816
6376.57
6378.735
6413.352
6452.156
6451.356
6506.776000000001
6510.638
6573.2429999999995
6607.8679999999995
6630.0869999999995
6631.764999999999
6641.389
6642.651
6707.778
6725.487
6727.733
6738.029
6772.067
6896.593
7177.543
7249.481000000001
7252.255
7799.648
7824.576999999999
8091.551
8167.128
8237.610999999999
8231.918
8268.087
8348.22
8362.358
8382.061
8437.03
8452.112
8473.128
8489.938
8491.871
8560.779999999999
8580.473
8565.893
8630.787
8628.546
8635.966
8634.117
8640.421
8652.376
8626.998
8674.26
8678.532000000001
8698.597
8738.633
8738.153
8747.483
8875.555999999999
8890.172
2229.5150000000003
2226.4089999999997
2308.647
2320.25
2345.27
2403.373
2405.1800000000003
2425.265
2556.2580000000003
2577.659
2589.0240000000003
2625.245
2633.467
2654.788
2674.585
2694.097
2863.648
2887.661
2887.658
2906.036
2921.759
2930.616
2933.4950000000003
2942.134
2958.326
2967.4629999999997
2969.462
2975.061
2994.437
2995.683
3004.643
3293.791
3298.702
3390.387
3396.2
3421.838
3470.573
3480.271
3492.849
3615.172
3666.481
3701.864
3702.435
3718.346
3727.1169999999997
3761.49
3765.625
3914.772
4031.0050000000006
4357.119
4408.793000000001
4436.041
4452.744
4454.263
4447.463
4499.015
4487.106
4512.429
4516.133
4506.129
4509.845
4504.414
4601.4169999999995
4623.017
4647.536
4655.3279999999995
4664.527
4670.371
4690.182
4706.184
4729.113
4768.134
4819.081
4851.6
4903.275
4903.603999999999
4910.478
4915.217000000001
4991.590999999999
5081.014999999999
5489.8
5517.946
5577.116
5582.37
5582.414
5584.58
5639.764
5655.794
5661.713
5678.542
5682.392
5682.797
5715.283
5750.264999999999
5802.417
5854.473
5872.2300000000005
5886.782
5946.351
5950.281999999999
5941.092000000001
5983.276
6002.385
6066.999
6076.664
6094.164
6100.293
6112.841
6116.1
6140.601000000001
6162.584
6607.107
6610.646
6749.192
6786.298000000001
6833.581999999999
6834.7699999999995
6876.0070000000005
6905.323
6924.888
6927.469999999999
6939.721
6954.676
6956.822
6958.452
7017.8279999999995
7041.082
7059.688
7104.432
7100.46
7118.893
7128.898999999999
7131.456
7162.0960000000005
7244.273999999999
7250.625999999999
7329.63
7335.652999999999
7368.685
7374.332
7393.709999999999
7394.214
1464.938
1472.162
1597.528
1642.412
1695.241
1702.481
1730.489
1756.8120000000001
1828.699
1829.144
1870.501
1945.491
1943.666
1956.661
2094.945
2135.339
2186.029
2196.155
2222.109
2208.5370000000003
2203.02
2220.944
2257.212
2268.035
2282.089
2326.469
2331.61
2346.352
2341.679
2359.1549999999997
2359.0589999999997
2518.9230000000002
2525.6859999999997
3455.6209999999996
4304.583
4372.7429999999995
4340.185
4383.094
4486.657
4467.571000000001
4521.713
4530.938
4524.637000000001
4565.819
4632.377
4637.039
4646.607
4700.419
4673.095
4695.75
4699.429
4703.156
4694.473999999999
4677.026
4717.905
4708.695
4747.531
4760.451
4800.9490000000005
4788.9220000000005
4834.009
4840.263
4874.919
4895.878
4917.471
5378.427000000001
5600.64
5676.142
5693.175
5718.127
5739.321999999999
5748.557
5748.112
5788.502
5788.13
5840.394
5839.685
5884.812
5979.333
5979.340999999999
6001.713
6025.451999999999
6043.538
6048.919
6053.2519999999995
6073.956
6097.357
6103.065
6104.596
6107.1939999999995
6111.085
6125.763
6128.997
6133.469
6134.134999999999
6143.571
6421.945
6635.29
6718.495
6729.5689999999995
6754.505
6828.6990000000005
6827.481
6859.088
6885.648
6919.513
6924.031
6934.855
6944.732
7031.456
7060.727
7065.016
7063.896
7130.232999999999
7161.599
7174.52
7207.671
7267.552000000001
7301.618
7349.0830000000005
7348.565
7389.882
7399.981000000001
7415.395
7432.527
7437.877
7437.822999999999
7494.986
7669.875
1550.24
1558.78
1583.184
1686.126
1688.903
1734.386
1755.681
1795.866
1810.0140000000001
1817.4779999999998
1821.2269999999999
1859.7520000000002
1901.556
1903.8619999999999
1915.804
2002.6660000000002
2044.58
2083.808
2095.743
2142.902
2181.218
2266.264
2336.367
2999.925
3003.203
2995.706
3198.257
3274.745
3294.139
3309.6
3304.243
3303.61
3307.8379999999997
3325.8230000000003
3366.4809999999998
3394.558
3400.149
3432.705
3430.9280000000003
3463.391
3480.135
3486.12
3485.2419999999997
3514.098
3541.713
3544.902
3541.89
3582.5190000000002
3545.96
3618.818
3642.3
3677.927
3674.297
3722.817
3800.3399999999997
4195.9619999999995
4219.363
4223.217
4317.113
4537.948
4639.236000000001
4788.871
4823.037
4832.403
4854.108
4934.152
4956.6449999999995
4985.464999999999
4989.979
4984.504
4991.155
5010.805
5037.872
5044.388
5052.703
5058.657
5065.98
5072.45
5109.746999999999
5106.652999999999
5141.152
5127.631
5151.101
5157.405
5165.1939999999995
5152.670999999999
5183.263
5254.895
5273.469999999999
5274.321
5368.333
5636.865
5800.043
5836.197
5890.175
5895.371
5918.078
5971.261
6012.271
6052.847
6094.8460000000005
6107.941000000001
6146.465
6175.382
6185.482
6195.499
6228.682
6242.089
6256.8460000000005
6274.357
6266.034000000001
6302.285000000001
6308.017000000001
6323.361
6326.162
6335.546
6337.8949999999995
6359.612
6365.371999999999
6365.843
6367.3640000000005
6375.456
6621.659000000001
6673.319
6834.621
6875.08
6924.336
6935.121
6950.101
7008.72
7054.819
7098.582
7161.915
7171.709
7197.488
7235.525
7350.95
7387.272
7459.541
7467.121999999999
7533.715
7536.537
7547.662
7558.943
7565.009
7599.59
7625.579
7637.312
7649.525
7645.658
7668.375
7661.544
7681.782
7713.113
7702.148
7786.846
7876.148
1839.396
1892.777
1898.78
1916.5049999999999
1980.057
2034.503
2085.579
2149.09
2152.249
2171.3179999999998
2223.713
2330.627
2379.9719999999998
2452.5809999999997
2459.038
2615.49
2612.7349999999997
2618.604
2675.907
2676.8399999999997
2737.9069999999997
2755.85
2831.293
2830.964
2841.326
2872.882
2888.236
2899.28
2910.429
3046.132
3096.8689999999997
3111.5719999999997
3144.211
3221.114
3237.117
3234.744
3258.565
3265.526
3271.276
3272.7560000000003
3282.555
3296.704
3325.219
3371.505
3424.4249999999997
3495.364
3516.777
3703.086
3705.2290000000003
3710.058
3767.1169999999997
3783.217
3802.7479999999996
3879.0110000000004
3917.32
3926.308
3933.839
3947.811
3959.104
4123.192999999999
4174.286
4176.869
4182.521000000001
4188.681
4205.2880000000005
4259.852000000001
4286.482
4339.987
4364.353999999999
4377.643
4388.426
4396.147
4408.143
4410.9400000000005
4429.102999999999
4437.902
4441.0
4460.325
4542.821
4560.7480000000005
4762.044000000001
4767.006
4777.445
4811.148
4826.968
4846.796
4925.799
5091.276
5120.974
5139.299
5142.5289999999995
5149.453
5162.022999999999
5221.799
5233.527
5238.5380000000005
5250.214
5254.0380000000005
5297.952
5331.045999999999
5377.102
5432.547
5445.732999999999
5470.985
5478.2609999999995
5496.095
5508.472000000001
5528.178
5536.2660000000005
5536.82
5540.575
5574.3369999999995
5591.947
5827.997
5836.123
5840.725
5871.385
5889.0779999999995
5894.103
5958.881
6131.051
6153.766
6219.750999999999
6223.534
6233.446
6238.094
6268.424000000001
6290.483
6297.9529999999995
6304.368
6308.235
6333.333
6359.349
6433.541
6467.3369999999995
6482.2660000000005
6505.616
6516.4400000000005
6542.347000000001
6557.8060000000005
6589.034
6605.306
6607.2
6615.244
6634.084
6643.644
6910.838
6914.048
6918.0830000000005
6952.081999999999
6962.048000000001
6962.653
7000.061
7177.868
7211.128000000001
7324.6900000000005
7400.131
7439.16
7469.274
7462.549
7476.485000000001
7521.644
7526.615
7571.467000000001
7599.48
7603.402
7665.472000000001
7666.378
7693.835
7726.051
7800.987
7807.463000000001
7821.263
7828.235000000001
7836.968
7867.781
7883.414
7874.868
7890.3460000000005
8021.069
8093.669
8129.503
8143.783000000001
8153.755
8169.330000000001
8200.052
8250.062
8277.074
2263.885
2355.123
2382.779
2442.804
2470.56
2475.7760000000003
2494.7439999999997
2504.9790000000003
2522.2780000000002
2572.741
2580.973
2629.734
2641.442
2641.5860000000002
2672.715
2772.889
2968.308
3017.505
3061.403
3104.457
3151.861
3157.0499999999997
3210.224
3219.37
3231.7740000000003
3239.3179999999998
3240.379
3273.4990000000003
3273.647
3289.045
3295.6859999999997
3293.429
3302.301
3323.874
3395.108
3424.836
3489.996
3527.352
3533.861
3549.0460000000003
3560.074
3573.341
3614.094
3623.415
3678.258
3692.571
3698.515
3712.435
3815.333
4030.475
4062.7149999999997
4103.379
4141.112
4194.492
4222.48
4259.494
4288.279
4307.663
4330.793
4355.375999999999
4385.194
4391.692
4396.036
4407.594999999999
4411.871999999999
4418.84
4418.293000000001
4436.795
4458.952
4526.782
4565.825
4582.027
4599.716
4610.627
4615.618
4651.191
4658.288
4717.3949999999995
4740.92
4748.0960000000005
4767.575
4855.579
5070.166
5154.878
5185.902999999999
5195.405
5230.032999999999
5264.736
5301.016
5337.273
5344.406
5364.987
5387.437
5423.412
5436.032
5454.114
5488.695
5492.759
5506.0560000000005
5508.4400000000005
5513.313
5513.713
5555.335
5605.342000000001
5619.3460000000005
5649.6050000000005
5656.423
5664.942
5690.36
5696.402
5758.387
5819.635
5836.101000000001
5842.669
5891.071
6114.06
6254.423
6271.94
6278.115
6295.351000000001
6320.065
6347.786
6389.115000000001
6412.860000000001
6424.534000000001
6436.862999999999
6500.839
6506.653
6535.866999999999
6622.285
6626.1939999999995
6661.9349999999995
6666.126
6683.359
6683.249
6715.538
6737.651
6764.532
6767.286
6786.990000000001
6803.321000000001
6821.7699999999995
6828.812
6849.883
6879.330999999999
6906.186
6905.874
6927.986
7154.348
7307.608
7338.183
7339.589
7354.901
7367.397999999999
7393.927
7433.048000000001
7479.014
7497.466
7500.617
7560.879
7583.178
7591.459000000001
7750.812
7775.03
7833.639
7853.259
7884.087
7903.219
7932.579
7982.619
7986.734
8005.741
8036.187999999999
8048.0
8056.018
8073.726000000001
8080.082000000001
8093.007
8109.547
8121.558
8129.503
8489.326000000001
8738.224
8778.997000000001
8779.391
8810.473999999998
8807.532
8816.264000000001
8818.024
8856.173999999999
8895.065
8924.599
8928.052
8946.083
8946.837
8996.678
9013.576000000001
9022.241
9085.451000000001
9137.855
9137.66
9150.895999999999
9265.938
9273.341
9273.997
9287.715
9320.908
9339.116
9355.509
9371.528
9366.444
9375.289999999999
9378.491
9387.430999999999
2493.485
2740.7940000000003
2790.714
2790.54
2852.205
2861.0
2865.383
2871.405
2887.491
2907.096
2937.661
2950.027
2957.207
2958.1279999999997
2991.0640000000003
3028.413
3042.573
3085.4629999999997
3148.667
3155.666
3160.107
3345.697
3390.733
3436.086
3474.681
3548.547
3553.763
3551.8399999999997
3572.442
3578.155
3582.794
3593.406
3594.865
3611.349
3785.402
3853.367
3859.5
3908.247
3943.0860000000002
3944.555
3952.481
3981.949
3992.3959999999997
4016.8169999999996
4040.0419999999995
4043.324
4045.6859999999997
4075.0529999999994
4094.1479999999997
4096.431
4125.384
4206.647
4210.707
4225.893
4393.377
4449.878
4484.227
4515.296
4604.646
4609.567
4616.475
4639.624000000001
4689.869
4681.5689999999995
4699.808
4703.1900000000005
4710.789
4825.496
4901.003000000001
4903.613
4943.31
5005.676
5009.894
5014.075
5034.621999999999
5047.104
5064.091
5098.77
5117.969
5144.227
5159.639
5174.778
5179.138
5186.1990000000005
5258.081
5260.686
5269.333
5431.338000000001
5485.336
5521.573
5551.188
5677.145
5676.376
5683.351
5698.6410000000005
5769.385
5781.162
5791.278
5798.653
5806.832
5870.505999999999
5980.835
5989.496
6034.002
6078.535
6137.01
6160.376
6166.567
6201.523
6209.992
6267.117
6281.362999999999
6272.923
6300.849
6306.68
6308.809
6315.193
6343.683
6347.567
6351.817
6481.76
6528.911
6570.871
6603.144
6756.942
6756.764999999999
6756.857
6762.734
6816.669
6847.654
6864.903
6868.379
6871.834
6936.2919999999995
7142.668
7149.243
7173.294
7180.691000000001
7215.947
7230.3189999999995
7238.206
7257.829
7261.374
7319.9259999999995
7340.395
7357.545
7379.809
7416.626
7419.46
7419.288
7440.501
7446.256
7446.213
7520.8240000000005
7567.3589999999995
7615.554
7638.468
7839.759
7842.232
7869.916
7871.82
7918.027999999999
7939.879
7955.378
7952.110000000001
7977.4529999999995
8013.078
8665.055
8765.907000000001
8833.931
8846.947999999999
8851.868
8870.663999999999
8888.628999999999
8904.073
8897.542
8901.562
8897.85
8918.383
8919.412
8957.801
8967.175
8960.724
8974.524000000001
8978.935
8994.234
9015.561
9036.855
9101.94
9119.994999999999
9180.135999999999
9182.164
9186.761
9209.832
9231.912
9237.234
9252.699
9250.147
9256.371
9259.023
2685.889
2761.192
2824.016
2849.543
2862.266
2878.951
2956.609
2973.5330000000004
2978.086
2988.6560000000004
3001.988
3039.089
3042.231
3090.183
3093.41
3111.37
3128.3089999999997
3130.092
3136.269
3141.23
3152.4030000000002
3160.183
3182.302
3202.756
3247.109
3270.417
3341.6169999999997
3356.718
3358.567
3366.0969999999998
3381.525
3381.683
3390.131
3738.2
3810.016
3873.987
3918.1879999999996
3932.71
3950.83
4007.569
4061.1189999999997
4071.911
4078.436
4094.3469999999998
4121.540000000001
4126.604
4186.647
4198.147
4229.695000000001
4266.5
4286.069
4288.515
4308.076
4317.352
4324.817999999999
4329.276
4336.483
4361.275
4365.188
4409.44
4425.125
4453.996
4463.057
4478.601000000001
4484.467000000001
4491.686
4788.071000000001
4852.417
4919.063999999999
4978.442
4997.536
5001.369000000001
5057.206
5114.47
5140.615000000001
5151.321
5187.53
5208.206999999999
5212.424999999999
5242.81
5249.403
5274.084
5307.737999999999
5340.349
5379.181
5413.086
5440.053
5464.701
5462.294
5476.206999999999
5489.172
5508.499
5537.239
5538.607
5562.705
5571.514999999999
5580.686
5585.085
5588.38
5946.764
5953.03
5963.541
6014.561
6068.501
6076.97
6103.334
6162.485000000001
6210.936000000001
6229.4
6250.398999999999
6296.8279999999995
6302.601000000001
6320.436
6332.389
6346.292
6362.255
6384.643999999999
6419.668
6470.724999999999
6561.166
6561.16
6563.306
6570.655000000001
6602.349
6611.098
6666.051
6667.116
6692.061
6704.434
6707.207
6725.656
6711.947
7006.935
7014.2429999999995
7018.017000000001
7074.282
7118.491
7135.9839999999995
7155.126
7221.301
7254.325
7274.768
7307.379
7358.598
7385.976000000001
7399.125
7426.325000000001
7428.318
7435.349
7439.192
7459.956
7528.9580000000005
7692.474
7693.494000000001
7705.0689999999995
7728.3949999999995
7746.51
7770.171
7787.46
7790.749
8014.415
8020.429
8036.352000000001
8042.6939999999995
8051.911999999999
8096.008
8104.329
8115.410000000001
8140.745000000001
8175.575
8192.955
8210.556999999999
8270.911
8293.665
8320.248
8591.093
8601.369
8601.710000000001
8613.333
8629.141000000001
8643.921
8665.045
8664.812
8663.996
8693.001
9131.473
9174.237
9180.604000000001
9239.181999999999
9273.373
9290.628999999999
9318.992
9360.4
9383.753999999999
9427.413
9440.09
9439.506
9451.250999999998
9466.694
9525.149000000001
9538.709
9575.516
9574.491
9584.349
9592.727
9612.42
9645.752
9666.664
2698.804
2761.17
2768.114
2771.804
2794.5989999999997
2836.417
2827.2870000000003
2842.605
2841.9469999999997
2855.786
3124.172
3168.37
3171.938
3241.196
3283.852
3291.636
3310.683
3352.2630000000004
3371.842
3460.361
3468.452
3470.91
3479.7380000000003
3488.196
3524.4339999999997
3556.342
3610.7360000000003
3619.4289999999996
3618.47
3621.27
3650.6850000000004
3653.159
3667.117
3767.958
3937.119
3976.4680000000003
4029.166
4021.529
4051.144
4075.1499999999996
4108.4490000000005
4082.133
4081.0690000000004
4269.268
4286.450000000001
4295.157999999999
4318.279
4350.581
4355.252
4366.9529999999995
4393.055
4407.505999999999
4510.771
4538.304
4545.156999999999
4543.849
4555.172
4574.312
4597.017
4685.383
4696.131
4707.06
4726.025
4737.002
4744.453
4748.884999999999
4807.361
4976.485000000001
5019.425
5104.089
5120.122
5139.0599999999995
5243.847
5258.969999999999
5262.946
5285.576
5470.6320000000005
5477.750999999999
5511.339000000001
5544.589
5552.541
5549.279
5582.525000000001
5596.964
5617.378000000001
5643.448
5693.894
5725.025
5726.307000000001
5738.867
5764.65
5764.773
5826.062
5840.8550000000005
5848.648
5867.268
5895.117
5898.099
5909.374
5921.589
6019.262000000001
6076.995
6245.901
6262.1359999999995
6272.567
6345.9890000000005
6360.858
6370.474999999999
6383.735
6536.535
6537.9529999999995
6605.294
6653.446
6663.451
6661.643
6696.961
6730.416
6745.61
6774.338
6803.117
6856.8
6873.124
6881.441
6881.5470000000005
6895.899
6930.864
6932.659000000001
6940.082
6965.125999999999
7146.756
7161.1140000000005
7169.057
7194.848
7202.454000000001
7227.763000000001
7475.897
7490.818
7504.044000000001
7505.8550000000005
7517.115000000001
7518.372
7524.487
7608.615000000001
7621.381
7664.013
7709.8820000000005
7739.117
7751.134999999999
7755.095
7786.506
7811.442
7827.314
7854.339000000001
7925.387
7954.816
7950.738
7960.194
7979.978
8015.064
8014.021
8018.941999999999
8181.2339999999995
8398.697
8406.983
8419.155999999999
8444.368
8429.274
8452.915
8581.081
8618.288
8641.184000000001
8672.786
8677.346
8721.634
8720.039999999999
8726.718
8748.434
8764.739000000001
8784.159000000001
8824.868999999999
8850.589
8849.698999999999
8886.498
8898.788
8920.400000000001
8923.971
8965.559000000001
9044.468
9053.699999999999
9059.832
9084.731
9101.605
9137.192000000001
9141.994999999999
2265.0350000000003
2366.8689999999997
2380.811
2411.374
2433.681
2440.1389999999997
2440.169
2547.4359999999997
2609.558
2629.0049999999997
2647.9919999999997
2658.131
2708.1349999999998
2722.6059999999998
2728.087
2751.913
2762.927
2777.012
2800.437
2831.2909999999997
2833.526
2863.828
2874.609
2901.002
2905.729
2934.4990000000003
3022.8480000000004
3038.026
3039.886
3056.2
3068.541
3118.738
3119.041
3308.071
3412.979
3429.5480000000002
3460.2819999999997
3501.7309999999998
3509.088
3513.3830000000003
3585.656
3679.165
3696.425
3726.544
3728.65
3773.6139999999996
3828.319
3832.8630000000003
3866.933
3903.114
3938.259
3962.753
4003.9730000000004
4014.565
4029.688
4046.601
4165.549
4188.298
4226.734
4286.053
4304.057000000001
4305.682
4312.106
4318.124
4328.691
4332.973
4354.863
4521.5740000000005
4529.474999999999
4607.295
4606.771
4610.462
4626.102000000001
4636.226
4724.169
4746.412
4772.412
4775.44
4813.91
4880.861999999999
4888.413
4916.842
4947.756
4984.083
5006.102
5048.052000000001
5067.294000000001
5077.93
5091.991
5251.353
5427.961
5458.085
5499.004
5517.313
5525.9980000000005
5534.958
5541.403
5570.782
5585.477
5584.115
5601.266
5608.172
5693.353
5700.432
5705.204
5716.155
5723.656
5767.31
5888.487999999999
5984.504
6005.883
6004.932
6015.939
6022.9039999999995
6028.775000000001
6031.0160000000005
6066.969
6079.4
6093.678
6123.705
6131.933
6143.2390000000005
6472.504
6519.596
6539.995
6626.504
6735.996
6781.202
6788.352
6796.157
6824.41
6830.71
6862.736
6909.09
6929.3279999999995
6946.263
6958.552
6980.036
6979.45
6994.097
6995.575
6990.947
7089.921
7121.059
7123.892
7148.702
7150.978
7161.1669999999995
7179.41
7202.954
7217.168
7216.4310000000005
7225.52
7238.547
7241.356
7515.246999999999
7554.253
7604.221
7670.737
7784.447
7827.0650000000005
7843.719
7850.258
7873.369000000001
7880.298
7913.245
8184.163
8206.096000000001
8245.234999999999
8297.796999999999
8302.823
8314.613
8347.545
8339.523
8345.809
8361.446
8451.027
8468.777
8474.17
8487.435
8503.158000000001
8524.595
8532.192000000001
8532.698
8538.374
8543.337
8553.118
8555.71
8573.893999999998
8593.681
8637.455
8702.899000000001
1787.569
1839.896
1857.0690000000002
1859.247
1884.946
1885.5059999999999
1912.7069999999999
2194.9139999999998
2214.187
2246.042
2439.975
2434.7129999999997
2488.879
2532.987
2543.0589999999997
2559.442
2607.8109999999997
2656.744
2730.192
2799.508
2829.894
2837.5840000000003
2887.6330000000003
2899.413
2900.584
2923.318
2925.189
2942.951
2948.128
2950.009
2959.714
2963.4049999999997
3004.8149999999996
3022.203
3046.208
3045.1079999999997
3046.293
3050.2470000000003
3063.12
3076.387
3243.837
3262.643
3294.5280000000002
3506.911
3516.2200000000003
3549.945
3590.0530000000003
3612.902
3633.161
3666.257
3704.914
3802.678
3850.404
3892.912
3901.859
3972.587
4029.9990000000003
4123.381
4126.972000000001
4151.085
4206.973
4208.581
4234.022999999999
4248.908
4253.305
4268.828
4272.0779999999995
4273.789
4292.242
4285.987
4303.607
4322.706
4339.977
4380.228
4385.431
4394.3640000000005
4589.651
4596.455
4612.311
4651.218
4674.427
4688.083
4714.176
4751.282
4855.813999999999
4896.883
4943.75
4958.538
5024.2300000000005
5080.555
5176.012
5186.921
5200.851000000001
5259.022
5262.994
5286.472
5318.1320000000005
5317.297
5370.206999999999
5389.12
5427.181
5431.7789999999995
5493.7300000000005
5508.043
5523.454
5527.602
5530.706
5532.026
5532.913
5646.951
5649.735
5663.887
5799.186
5876.444
5901.214000000001
5908.724999999999
5910.159000000001
5924.187
5945.737
6003.111
6011.67
6064.94
6132.235
6256.976
6269.696
6282.549
6315.251
6319.111000000001
6334.9349999999995
6372.3640000000005
6374.909
6427.486
6439.880999999999
6484.212
6494.222
6576.660000000001
6626.934
6629.876
6653.724
6658.282
6659.054
6663.061
6713.49
6718.945
6720.015
6843.513
6915.885
6996.9890000000005
6996.753
6998.0070000000005
6999.2119999999995
7003.447
7043.866999999999
7052.681
7113.5650000000005
7175.647
1248.635
1265.0140000000001
1277.7620000000002
1326.49
1326.529
1340.508
1369.715
1371.756
1420.744
1444.5520000000001
1490.2269999999999
1495.046
1573.579
1629.146
1633.7939999999999
1681.242
1691.8990000000001
1698.7559999999999
1702.759
1731.3449999999998
1745.274
1751.152
1835.1779999999999
1907.3739999999998
2046.3990000000001
2064.4170000000004
2070.607
2073.34
2075.386
2093.5730000000003
2102.798
2118.023
2169.042
2309.641
2335.641
2335.125
2418.9660000000003
2441.913
2457.11
2465.094
2476.534
2520.057
2530.384
2574.756
2593.769
2623.497
2686.4590000000003
2690.09
2762.816
2783.163
2817.919
2837.716
2839.33
2854.5989999999997
2865.218
2902.754
2952.285
3094.818
3148.21
3190.261
3227.363
3245.579
3497.5429999999997
3591.4480000000003
3670.9100000000003
3791.4590000000003
4094.9790000000003
4133.4
4095.4309999999996
4165.099999999999
4197.211
4200.26
4302.048
4309.129000000001
4330.6990000000005
4364.788
4385.972
4389.808
4424.785
4429.523999999999
4429.427
4459.477
4491.695
4501.674
4510.125999999999
4515.094
4514.357999999999
4539.555
4559.143
4571.161
4585.604
4586.815
4599.719999999999
4654.374
4711.643999999999
4719.475
4725.096
4749.6900000000005
4848.14
5154.597
5205.948
5217.593
5306.822999999999
5359.633
5360.9439999999995
5457.645
5455.023
5477.793000000001
5494.331
5524.067999999999
5736.393999999999
5781.592
5889.694
5904.4169999999995
5928.212
6004.362
6002.569
6040.9
6088.633
6139.258
6167.914
6159.452
6187.573
6201.396
6240.622
6240.132
6258.381
6264.292
6264.465
6277.353
6292.583
6321.957
6388.4619999999995
6413.477000000001
6414.380999999999
6475.668
6475.1539999999995
6476.745
6579.44
6596.388
6616.617
6619.719
6790.08
6884.608
6891.152
7038.732999999999
7049.929
7066.681
7171.972000000001
7172.485
7266.565
7342.0
7367.005
7368.032999999999
7401.3730000000005
7415.646
7449.349
7453.1669999999995
1396.49
1395.233
7478.232
1429.225
1430.637
1435.038
1452.532
1481.917
1485.357
1488.974
1503.111
1507.674
1509.639
1563.909
1577.181
1601.278
1609.088
1806.103
1870.143
1905.289
2022.911
2034.532
2079.851
2148.3289999999997
2151.325
2237.6079999999997
2318.9829999999997
2349.003
2350.689
2394.7419999999997
2420.5040000000004
2482.489
2554.4069999999997
2569.665
2577.165
2599.08
2638.572
2659.2349999999997
2661.0490000000004
2694.025
2718.9230000000002
2734.111
2744.8709999999996
2753.779
2762.642
2771.605
2813.1659999999997
2798.044
2826.1090000000004
2849.6079999999997
2898.266
2933.944
2963.247
3077.7169999999996
3088.047
3116.1620000000003
3194.839
3195.74
3283.0499999999997
3374.218
3405.899
3407.48
3452.863
3473.365
3530.5719999999997
3634.2780000000002
3663.161
3668.459
3689.9500000000003
3749.3439999999996
3803.853
3819.186
3841.544
3837.641
4002.0619999999994
4005.3020000000006
4032.478
4064.6139999999996
4071.8620000000005
4075.118
4099.791
4117.84
4119.611
4149.1179999999995
4163.68
4199.659
4260.589000000001
4262.995
4270.825000000001
4292.014
4293.453
4334.039
4413.593
4454.137000000001
4455.653
4561.201999999999
4586.835
4615.619
4894.614
4984.707
5049.097
5053.456
5098.186
5101.909
5124.418000000001
5297.964999999999
5302.312
5311.147
5369.831999999999
5390.975
5409.714
5445.5
5474.983
5484.202
5485.517
5539.037
5554.31
5566.276
5585.657
5589.605
5615.365
5613.6939999999995
5652.122
5682.840999999999
5682.932
5708.5419999999995
5717.211
5726.566
5749.166
5758.307000000001
5757.4529999999995
5999.923
6053.276000000001
6112.929
6122.914
6173.326999999999
6198.784
6203.827
6359.285
6362.621
6362.438
6474.97
6540.772
6565.103
7110.264
7272.582
7404.129
7434.965
7600.902999999999
7599.353
7624.91
7647.656
7699.466
7713.589
7710.903
7720.786
7743.2429999999995
7774.0109999999995
7804.362
7807.513
7810.018
7839.591
7859.776
7877.437
7881.6410000000005
7893.889
7915.059
7924.467
7944.187
7952.435
7958.278
7967.9710000000005
7991.444
7994.241
8002.11
8005.039999999999
8010.933
8153.066000000001
2234.779
2370.636
2409.599
2591.159
2594.6929999999998
2613.3579999999997
2627.076
2679.361
2707.592
2709.9030000000002
2709.433
2725.139
2737.722
2769.093
2785.937
2812.847
2814.933
2886.8619999999996
2903.674
2906.7850000000003
2934.594
3028.272
3090.856
3097.0840000000003
3109.464
3110.6690000000003
3117.226
3144.087
3147.6150000000002
3169.667
3174.199
3184.8709999999996
3192.73
3274.883
3427.766
3463.855
3642.61
3643.1879999999996
3658.826
3668.366
3717.615
3769.609
3776.57
3788.494
3789.286
3806.942
3827.087
3846.966
3874.698
3875.1440000000002
3929.856
3959.991
3959.361
3979.109
4106.902
4150.874
4247.135
4253.637000000001
4270.607
4272.1
4315.746
4324.764
4353.653
4359.0419999999995
4366.348999999999
4370.84
4382.605
4492.652999999999
4504.304999999999
4687.46
4695.334
4714.018
4716.851000000001
4757.878
4819.119
4839.094
4871.237
4872.723
4893.348
4898.736000000001
4917.1230000000005
4939.104
4947.99
4975.193
5014.858
5014.0419999999995
5044.972
5152.161999999999
5207.294
5356.372
5360.249
5396.091
5399.635
5438.885
5463.4580000000005
5480.937
5493.635
5499.202
5528.689
5528.706999999999
5569.51
5573.7
5735.238
5749.9580000000005
5781.964
5783.76
5807.861
5860.627
5880.937
5934.642
5936.525
5965.360000000001
5979.951
5998.7789999999995
6024.197
6025.713
6032.236
6106.955
6129.073
6133.7570000000005
6983.973
7314.317
7317.482
7361.594
7396.524
7414.753
7420.733
7460.572
7461.202
7493.807000000001
7506.2519999999995
7517.739
7533.931
7532.14
7531.644
7538.8330000000005
7545.028
7554.881
7571.432
7592.096
7601.513
7607.929
7615.549
7612.244
7624.986
7630.998
7649.0289999999995
7677.865
7662.571
7663.223
7684.271
7682.624
7695.774
8072.32
8406.477
8412.074999999999
8447.2
8489.293
8559.583999999999
8563.973
8637.413
8694.796
8780.304
8827.897
8863.613000000001
8883.237
8912.770999999999
8935.031
8938.536
8960.404
8964.413
8986.511
8987.031
8985.718
9094.918
9127.198999999999
9125.887999999999
9185.663999999999
2139.072
2163.621
2162.699
2164.313
2167.321
2183.6769999999997
2182.2659999999996
2185.589
2213.8469999999998
2406.8360000000002
2408.931
2440.005
2478.955
2576.808
2581.442
2689.381
2757.214
2807.6780000000003
2856.697
3019.61
3045.433
3426.585
3450.232
3451.966
3542.062
3574.8579999999997
3653.0480000000002
3658.672
3664.5530000000003
3668.379
3677.278
3679.819
3696.313
3709.0040000000004
3710.1150000000002
3717.4680000000003
3727.7290000000003
3748.814
3771.608
3779.9109999999996
3783.711
3796.903
3812.433
3806.656
3820.399
3826.925
3834.152
3836.861
3865.0280000000002
3877.734
3894.859
3928.247
4094.156
4110.174
4472.724999999999
4504.444
4505.028
4595.799999999999
4636.427000000001
4908.897
4961.963
4982.856
4990.719999999999
5017.59
5020.01
5091.09
5119.854
5130.688
5161.135
5180.5960000000005
5192.598
5199.696999999999
5219.848
5259.009
5258.196
5293.512
5296.098
5289.954
5323.349
5331.692999999999
5333.482
5346.411
5352.613
5351.927
5428.177
5448.905
5494.136
5530.308
5570.945
5571.4490000000005
5698.836
5729.28
5983.575
6058.964
6104.389
6113.846
6132.864
6141.256
6184.859
6218.486000000001
6221.201
6279.923
6333.4169999999995
6335.548
6387.016
6395.559
6527.354
6692.177
6739.549
6776.73
6799.793000000001
6822.9800000000005
6842.637
6842.0740000000005
6864.19
6881.643
6888.866
6891.73
6913.632
6922.349999999999
6942.586
6944.694
6948.8009999999995
6948.527999999999
6955.322
7036.232
7131.296
7212.011
7235.108
7275.6939999999995
7271.626
7344.089999999999
7382.23
7431.2
7451.214
7615.43
7625.979
7646.159
7663.204000000001
7699.474
7789.634
7818.201
7843.414
7873.236999999999
7887.107999999999
7930.349999999999
7960.452
8013.781
8058.833
8074.8060000000005
8089.715
8094.1849999999995
8098.648000000001
8126.108
8127.649
8139.212
8146.535
8162.093000000001
8182.945
8192.833
8253.01
8285.258
8328.302000000001
8330.092
2035.627
2083.446
2123.075
2175.448
2328.741
2337.733
2357.4069999999997
2358.962
2392.321
2460.697
2488.696
2512.823
2539.961
2561.694
2598.4159999999997
2628.4489999999996
2681.078
2723.91
2742.549
2781.783
2798.708
2812.769
2856.7599999999998
2865.499
2871.525
2878.17
2881.156
2898.898
2902.385
2923.41
2950.698
3000.625
3002.88
3073.6240000000003
3118.238
3192.8179999999998
3227.264
3439.371
3446.881
3457.141
3463.412
3473.268
3515.358
3539.3430000000003
3559.56
3593.698
3611.831
3646.179
3669.9139999999998
3716.552
3766.9649999999997
3789.6290000000004
3828.745
3848.343
3862.242
3983.5759999999996
4005.6079999999997
4032.713
4071.298
4081.837
4087.198
4091.487
4092.6090000000004
4115.224999999999
4137.225
4139.302
4142.757
4163.188
4237.447
4297.61
4509.6230000000005
4522.75
4524.457
4543.2
4548.481
4568.0
4582.421
4602.575
4634.723
4655.633
4686.401
4707.718
4753.916
4808.7429999999995
4828.253
4867.009
4892.491
4904.54
5032.743
5060.514999999999
5080.87
5132.4839999999995
5148.852
5173.576
5183.2880000000005
5191.415
5216.847
5238.840999999999
5238.362999999999
5244.238
5246.737
5277.525
5336.401000000001
5560.637
5588.466
5595.482
5621.358
5635.379000000001
5638.827
5648.264
5668.69
5677.317
5696.747
5732.678
5748.7789999999995
5792.324
5848.96
5865.646
5902.776
5937.593
5958.966
6069.835
6095.917
6114.594999999999
6318.175
6325.824
6343.295
6347.531
6346.829
6399.625999999999
6412.3910000000005
6428.945
6437.589
6437.15
6457.531999999999
6459.442
6596.474
6640.489
6641.295
6663.579000000001
6703.433
6704.31
6711.505
6729.502
6738.59
6744.042
6769.115
6783.063
6827.491
7123.964
7139.657999999999
7141.696
7144.63
7160.741
7185.419
7193.642
7241.199
7451.116
7480.944
7501.509
7506.615
7545.4439999999995
7580.418
7591.567
7611.7
7622.418
7622.943
7631.461
7645.384
7661.293
7713.320000000001
7719.289
7771.555
7833.459000000001
1815.5269999999998
1837.5459999999998
1842.4830000000002
1844.244
1852.068
1860.2060000000001
1874.114
1874.9
2157.95
2216.6220000000003
2236.574
2263.5049999999997
2281.625
2283.223
2288.688
2299.507
2464.014
2489.021
2519.242
2521.347
2551.511
2588.299
2600.5159999999996
2637.521
2654.027
2667.081
2685.2070000000003
2689.259
2691.266
2727.7529999999997
2732.895
2789.016
2847.797
2857.27
2912.118
2934.4809999999998
2940.0879999999997
2945.237
2949.1459999999997
2955.304
2959.6040000000003
3200.103
3278.841
3346.857
3383.998
3382.213
3396.21
3396.2720000000004
3399.478
3504.0589999999997
3530.547
3573.277
3574.6549999999997
3594.902
3626.516
3644.3340000000003
3675.143
3697.249
3717.843
3751.9700000000003
3753.542
3754.314
3794.56
3795.458
3834.212
3909.268
3907.857
3970.088
4039.384
4051.825
4084.5640000000003
4097.793000000001
4097.4490000000005
4097.877
4243.991
4321.355
4392.629999999999
4502.259999999999
4510.27
4520.099
4520.1089999999995
4521.4
4573.053
4593.401
4657.165
4668.13
4684.78
4724.836
4730.547
4783.13
4826.5830000000005
4873.513
4963.924999999999
4978.015
4997.287
5012.281
5033.042
5042.242
5058.477
5061.125
5076.489
5133.455
5137.842
5187.155
5190.991
5195.579000000001
5197.182
5287.192
5359.371999999999
5428.669
5552.688
5573.152
5602.459
5611.837
5606.803
5636.873
5645.804
5707.641
5728.634999999999
5753.034000000001
5792.81
5793.942
5826.523
5875.447999999999
5978.781
6006.105
6058.485
6065.9400000000005
6119.899
6163.457
6189.442
6191.683
6194.517
6203.89
6231.108
6253.351000000001
6258.804999999999
6274.857
6276.442
6279.043
6321.268
6397.298
6491.957
6589.983
6609.652
6650.115000000001
6678.275000000001
6686.07
6701.7660000000005
6710.277999999999
6747.994000000001
6772.5869999999995
6793.6759999999995
6834.902
6839.402
6866.285000000001
6909.645
7041.058999999999
7062.819
7671.574
7709.804
7755.183
7766.999
7787.585
7794.331
7821.6359999999995
7832.324
7841.392
7860.669
7862.512
7864.071
7865.858
7871.568
7913.166
7935.541
7952.094
7971.313999999999
7999.475
8017.473000000001
8036.664999999999
8041.285
8048.363
8049.9980000000005
8054.022
8070.486000000001
8096.856000000001
8105.556
8107.385000000001
8125.807
8125.370999999999
8135.277
8237.52
2789.77
2807.515
2824.09
2811.9390000000003
2869.102
2891.427
2946.158
3003.27
3023.917
3041.885
3058.127
3069.616
3112.8179999999998
3111.088
3113.509
3196.517
3195.183
3258.789
3259.798
3259.8129999999996
3280.062
3302.3509999999997
3316.125
3321.2259999999997
3322.9120000000003
3324.7360000000003
3334.181
3340.98
3341.7180000000003
3350.6800000000003
3356.149
3368.551
3379.2
3846.252
3899.353
3898.685
3903.1760000000004
3976.2599999999998
4031.523
4051.2439999999997
4135.362
4161.438999999999
4181.612
4200.552
4209.223
4246.367
4295.481
4292.204
4418.838
4432.378
4590.378000000001
4648.183999999999
4653.9349999999995
4661.2119999999995
4712.557000000001
4767.95
4775.688
4764.3550000000005
4774.851
4791.846
4779.951999999999
4792.8369999999995
4795.185
4797.623
4792.436000000001
4816.339
4897.567
4947.939
4974.529
4984.139
5062.368
5092.2210000000005
5105.746
5185.839
5208.755
5226.16
5260.882
5287.921
5305.01
5356.872
5360.88
5487.033
5521.197
5634.687
5699.193
5706.196
5723.464
5770.582
5938.617
5938.535
5948.37
6002.493
6010.102
6071.525000000001
6067.675
6069.104
6071.259
6085.005
6087.851
6167.3910000000005
6172.456
6174.4349999999995
6192.05
6196.085
6210.238
6215.544000000001
6254.214
6260.799999999999
6278.766
6320.843
6343.603
6352.844
6405.229
6408.148999999999
6527.402999999999
6569.8679999999995
6676.562
6780.278
6787.329
6801.648
6820.388
7011.333
7015.561
7032.003
7062.385
7068.37
7149.549
7179.387000000001
7195.065
7205.068
7209.063
7216.42
7299.16
7311.415
7311.565
7346.872
7363.8550000000005
7408.089
7413.231
7413.53
7440.451999999999
7450.981
7473.117
7495.243
7495.119
7517.545
7522.584
7584.23
7637.605
7716.576
7832.017
7845.0470000000005
7859.436
7868.988
8141.804999999999
8163.406999999999
8173.406
8174.099999999999
8192.36
8216.643
8248.478000000001
8282.253
8295.748
8318.384999999998
8320.952
8365.261999999999
8392.227
8402.573
8430.887
8446.591
8519.443000000001
8539.967
8552.669
8557.578
8615.15
8667.595000000001
8681.718
8694.967
8712.459
8728.728000000001
8728.81
8754.887999999999
8783.605
8988.636
9007.567
9010.847
9012.73
2133.4019999999996
2168.163
2183.079
2193.479
2198.297
2209.4010000000003
2233.714
2263.759
2281.251
2311.715
2313.409
2345.645
2376.6479999999997
2402.134
2417.7870000000003
2431.6270000000004
2514.629
2547.828
2559.024
2560.5280000000002
2608.755
2668.5240000000003
2689.486
2737.7780000000002
2745.8360000000002
2771.716
2776.029
2796.539
2800.516
3044.915
3050.973
3054.376
3054.848
3170.827
3206.154
3236.7599999999998
3263.7909999999997
3271.694
3273.708
3287.7960000000003
3303.11
3324.499
3355.027
3358.9809999999998
3382.9289999999996
3412.2
3448.563
3468.406
3480.147
3561.004
3595.53
3615.926
3623.257
3653.2529999999997
3711.952
3739.7999999999997
3792.199
3798.7470000000003
3833.7340000000004
3840.599
3862.002
3865.531
4250.741
4264.5470000000005
4274.371
4286.749000000001
4331.08
4333.42
4336.637
4366.23
4381.364
4384.146000000001
4395.535
4423.0070000000005
4434.143
4462.676
4465.82
4466.840999999999
4489.9259999999995
4505.132
4525.447
4533.728
4607.227
4642.1089999999995
4672.869000000001
4673.45
4693.597
4750.999
4774.576
4832.985
4842.107
4878.85
4886.536999999999
4907.2480000000005
4908.535
5311.847
5326.187
5326.511
5334.869000000001
5372.94
5379.336
5384.606
5406.417
5435.097
5437.363
5446.073
5473.099999999999
5479.1939999999995
5518.115
5522.490000000001
5524.076
5545.522
5556.456
5572.004
5586.512
5650.284
5676.134
5717.589
5718.218
5730.423
5791.628000000001
5809.732
5876.906
5884.003
5923.415999999999
5934.362
5954.647
5956.353
6370.917
6406.585
6409.484
6412.421
6446.869000000001
6451.393999999999
6456.364
6581.616
6701.59
6715.281
6718.504
6761.596
6766.534
6781.75
6794.013
6804.713
6806.943
6821.157999999999
6829.032
6858.271000000001
6861.5
6870.308
6898.135
6902.023
6907.4
6909.285
6926.969
6945.929999999999
6948.822
6976.452
6996.888
7013.132
7019.0
1367.153
1418.025
1422.651
1424.609
1464.924
1467.7910000000002
1467.958
1588.913
1701.3210000000001
1717.789
1717.887
1788.8310000000001
1794.6100000000001
1838.5929999999998
1871.613
1877.342
1983.9309999999998
2025.8690000000001
2040.169
2062.5499999999997
2085.1929999999998
2117.4179999999997
2158.636
2171.284
2169.077
2181.8050000000003
2185.6800000000003
2186.8089999999997
2189.667
2192.1279999999997
2198.234
2199.578
2204.485
2401.592
2476.855
2483.3880000000004
2487.0139999999997
2528.5769999999998
2539.704
2542.857
2629.567
2737.898
2765.091
2765.483
2839.003
2842.33
2881.22
3010.9919999999997
3027.304
3062.876
3078.261
3115.927
3132.088
3147.35
3164.265
3211.719
3281.354
3287.689
3309.223
3316.451
3316.932
3326.376
3329.533
3332.678
3338.705
3342.542
3430.468
3540.892
3542.084
3554.522
3583.326
3602.596
3606.312
3669.14
3770.692
3816.056
3816.388
3882.867
3885.079
3914.1789999999996
4051.2670000000003
4064.344
4116.977000000001
4129.3730000000005
4164.138999999999
4182.504
4203.6759999999995
4216.125
4255.248
4331.6720000000005
4342.5830000000005
4391.297
4414.199
4439.511
4440.556
4441.642
4448.358
4449.473
4453.416
4476.485000000001
4604.942
4607.311000000001
4607.222
4666.342000000001
4677.415
4686.415
4707.944
4804.148999999999
4857.070000000001
4860.076
4922.303999999999
4925.277999999999
4948.899
5088.138
5099.3060000000005
5154.927
5166.981
5199.263
5220.277
5242.177
5254.055
5290.829
5382.441
5393.259999999999
5438.842000000001
5462.624
5559.46
5557.086
5574.56
5579.665999999999
5587.282
5594.526
5597.1359999999995
5656.372
5698.048
5698.9890000000005
5723.996999999999
5742.648
5767.4039999999995
5788.797
5850.235
5906.272000000001
5909.304999999999
5974.315
5981.056
5994.597
6132.555
6152.892
6280.59
6303.124000000001
6311.628
6315.384
6348.320000000001
6348.305
6360.022
6450.184
6457.841
6508.631
6531.504
6640.421
6646.353
6680.246999999999
6702.535
6728.51
6733.267
6734.083
6793.01
6815.857
6823.134
6885.865
6887.739
6890.975
6898.6140000000005
6915.8679999999995
6956.3009999999995
6964.152
7026.353
7029.456
7044.696
7179.821
7224.3769999999995
1308.7740000000001
1413.505
1429.6409999999998
1429.552
1461.1490000000001
1705.271
1824.386
2145.601
2168.739
2188.6580000000004
2226.794
2238.658
2241.71
2277.9500000000003
2296.234
2303.651
2318.035
2330.8909999999996
2339.0170000000003
2362.016
2367.7000000000003
2370.18
2372.732
2390.198
2392.0849999999996
2395.533
2393.4959999999996
2398.761
2402.12
2408.5359999999996
2423.095
2437.224
2445.904
2456.684
2479.1400000000003
2492.179
2493.617
2864.843
2877.554
2889.36
3191.851
3210.0240000000003
3232.6600000000003
3288.936
3296.739
3302.33
3364.909
3463.73
3584.8469999999998
3654.929
3749.9449999999997
3788.2859999999996
3800.513
3808.978
3821.25
3845.163
3848.093
3892.5640000000003
3897.9469999999997
3904.111
3916.102
3922.1020000000003
3939.892
3945.2039999999997
3938.358
3951.9669999999996
3953.875
3964.84
3977.8509999999997
3978.494
4003.6449999999995
4007.233
4009.6489999999994
4233.476
4247.664000000001
4263.934
4327.37
4338.686
4355.276
4420.971
4505.358
4649.93
4699.188
4794.778
4830.474999999999
4844.7699999999995
4864.116
4891.987999999999
4918.349
4925.008
4966.338000000001
4995.208
5050.2570000000005
5062.818
5088.354
5158.533
5161.751
5163.134
5166.92
5183.59
5180.3679999999995
5191.167
5202.765
5209.898
5213.521
5218.104
5279.146
5293.135
5305.920999999999
5369.179
5387.0779999999995
5402.291
5470.199
5550.237
5694.799
5760.816
5852.381
5895.589
5934.945
5957.044
5986.453
6009.058
6014.196
6036.865
6048.178
6110.255999999999
6126.337
6139.139
6244.683
6254.235000000001
6322.174
6334.75
6346.822
6360.203
6360.845
6382.042
6382.973
6392.728
6396.303
6417.529
6422.313
6462.301
6474.0830000000005
6486.045
6491.714
6511.497
6588.129
6732.302
6839.835
6897.289
6967.241999999999
6999.739
7011.9400000000005
7040.723
7101.517000000001
7104.588
7135.551
7153.536
7190.241999999999
7200.937
7216.452
7305.687
7312.593
7367.969999999999
7406.378
7471.499
7491.112
7506.816
7533.603
7552.262
7571.781
7602.503
7613.715
7648.570000000001
7655.322
7675.445
7679.053
7681.376
7685.942
7686.275000000001
1688.5030000000002
1795.8
1865.206
1923.5390000000002
1960.911
1974.145
2005.4409999999998
2076.317
2079.478
2098.707
2114.716
2154.885
2173.91
2181.104
2266.129
2274.616
2329.203
2360.769
2428.34
2458.143
2464.366
2489.663
2507.723
2617.753
2726.339
2731.942
2731.599
2739.778
2749.691
2750.856
2759.9170000000004
2766.947
2766.161
2784.878
2832.74
2910.1240000000003
2963.0899999999997
3002.806
3015.424
3048.558
3130.458
3139.932
3149.6240000000003
3164.1240000000003
3194.049
3227.166
3236.67
3326.7039999999997
3323.928
3397.062
3416.136
3488.4629999999997
3533.283
3541.384
3545.6690000000003
3560.281
3673.6279999999997
3777.951
3840.342
3859.538
3861.79
3877.982
3887.1600000000003
3895.745
3900.285
3898.354
3921.5480000000002
3928.109
3958.274
3998.313
4053.444
4060.5140000000006
4086.2930000000006
4199.526
4209.121
4217.739
4224.436
4254.698
4289.86
4287.8369999999995
4407.464
4409.673
4445.558
4467.999
4549.344999999999
4589.092
4608.63
4612.153
4627.982
4714.3240000000005
4817.543
4890.493
4973.710999999999
5077.789
5103.413
5102.5
5111.911
5114.8009999999995
5148.195000000001
5162.4169999999995
5169.469
5171.0380000000005
5174.944
5191.134
5197.5689999999995
5198.746
5243.5689999999995
5275.076999999999
5279.348
5280.622
5302.74
5341.115000000001
5346.1990000000005
5457.606
5460.752
5499.128
5512.2660000000005
5596.451
5643.543000000001
5693.273999999999
5695.863
5701.509
5754.268
5848.646
5947.903
6014.487
6127.869
6172.645
6184.894
6199.563999999999
6230.7119999999995
6266.378
6289.335
6297.742
6296.987999999999
6314.186000000001
6335.832
6342.304999999999
6357.576
6378.102
6403.516
6423.357
6425.588000000001
6427.809
6436.83
6448.475
6513.311
6513.267
6549.547
6559.368
6637.891
6683.372
6749.513
6751.997
6753.625999999999
6788.379
7007.417
7021.464
7060.479
7172.986
7224.842
7245.025
7272.5650000000005
7290.206
7311.334000000001
1304.835
1326.017
1331.753
1355.866
1375.791
1374.741
1391.1119999999999
1401.842
1422.193
1477.208
1479.181
1485.2069999999999
1488.8110000000001
1490.386
1528.193
1530.826
1564.768
1573.446
1648.546
1694.152
1773.866
1781.1090000000002
1786.144
1805.749
2014.755
2039.2060000000001
2067.87
2178.5679999999998
2247.065
2276.8
2291.5679999999998
2303.56
2323.362
2347.238
2374.311
2376.5170000000003
2396.983
2432.957
2435.196
2451.4610000000002
2454.958
2467.294
2559.34
2558.852
2572.8909999999996
2576.0040000000004
2585.651
2621.082
2623.891
2633.922
2648.462
2682.439
2730.3489999999997
2822.083
2840.059
2848.671
2858.0359999999996
3050.464
3073.904
3100.908
3206.611
3283.836
3309.246
3325.678
3338.44
3363.819
3382.9120000000003
3416.401
3416.13
3437.135
3473.906
3475.453
3504.1220000000003
3511.4030000000002
3512.884
3624.451
3641.3920000000003
3658.6789999999996
3658.097
3681.0649999999996
3700.999
3712.362
3723.1519999999996
3725.4480000000003
3737.951
3769.431
4197.449
4225.259
4245.012
4256.556
4274.3330000000005
4287.369
4292.634999999999
4293.285
4326.281
4345.097
4366.9039999999995
4381.086
4417.641
4437.341
4481.394
4483.879
4502.994000000001
4530.910000000001
4537.812
4581.437
4583.012
4585.108
4679.879
4697.441000000001
4733.27
4732.904
4757.786
4787.002
4814.773999999999
4841.831
4846.712
4847.795999999999
4854.775
5255.816000000001
5295.854
5318.231
5321.042
5349.165
5365.768
5375.014
5378.637000000001
5394.181
5397.665
5413.009
5424.838000000001
5453.898
5476.808
5525.534000000001
5526.849999999999
5548.648
5581.026
5583.105
5632.151000000001
5639.288
5640.973
5726.057
5736.898
5785.061
5787.243
5808.463
5847.179999999999
5880.231
5991.722000000001
6000.911999999999
6002.755999999999
6008.857
6316.726
6358.255
6399.205
6420.844
6455.455
6494.982
6524.356
6527.108
6533.12
6534.319
6548.104
6549.367
6568.005999999999
6575.369000000001
6598.001
6617.727000000001
6616.072
6638.398999999999
6642.375
6692.866
6698.946
6699.817
6763.29
6779.786999999999
6830.969999999999
6836.395
6858.751
6892.79
6934.878000000001
7032.389
7061.633
7071.013
7071.584
7433.271000000001
7533.375
7571.689
7613.226
7774.273
7850.076
7852.892
7860.171
7926.4169999999995
7932.203
7930.407
7932.988
7980.048
7995.294000000001
8002.433
8037.875
8051.8640000000005
8064.719999999999
8087.963000000001
8194.082
8198.84
8223.672
8269.746
8274.112000000001
8298.623
8299.626999999999
8308.272
8365.068000000001
8383.219000000001
8394.446
8399.673999999999
8414.805
8420.642000000002
8518.022
2448.006
2464.433
2501.689
2658.111
2743.915
2752.297
2756.488
2831.381
2838.816
2845.008
2848.9179999999997
2876.5969999999998
2892.5969999999998
2894.143
2920.723
2940.6789999999996
2949.637
3166.7839999999997
3298.685
3345.3430000000003
3361.933
3393.1429999999996
3421.409
3461.076
3473.8129999999996
3491.174
3490.551
3522.845
3525.54
3531.263
3542.98
3542.859
3559.3880000000004
3578.561
3585.299
3588.9730000000004
3705.233
3818.4770000000003
3822.982
3824.306
3887.0330000000004
3915.883
3916.522
3928.7839999999997
3949.275
3978.796
3996.818
3999.2329999999997
4014.3469999999998
4027.1429999999996
4207.06
4391.342
4410.476
4422.972
4438.225
4461.912
4512.407999999999
4540.464
4557.1
4575.925
4641.670999999999
4644.335
4653.065
4664.071
4677.197999999999
4690.857
4690.976
4695.6759999999995
4699.588000000001
4741.963
4870.486
4874.233
4876.055
4921.554999999999
4960.687
4964.472
4978.509
4997.335
5020.113
5047.985
5050.276
5061.649
5085.009
5259.544
5486.802
5520.436
5529.9839999999995
5541.682
5566.474
5601.195
5638.398999999999
5642.219
5652.865000000001
5783.3550000000005
5790.958
5810.0019999999995
5822.272
5853.557000000001
5870.807
5880.295
5881.701
5892.323
5898.07
5941.482
5953.593
5958.236
5977.34
6024.104
6036.579
6057.553000000001
6065.658
6088.3099999999995
6145.225
6156.339
6174.837
6193.422
6392.045
6551.326
6620.259
6630.652999999999
6662.928
6677.517
6724.070000000001
6744.283
6750.051
6753.339999999999
7329.33
7548.184
7715.282
7737.177
7723.573
7742.474999999999
7748.656000000001
7761.972
7897.64
7762.165999999999
7961.868
7995.985
7975.024
8027.825999999999
8026.2480000000005
8048.864
8075.653000000001
8075.686
8094.540999999999
8108.2970000000005
8124.6810000000005
8152.423000000001
8153.428
8229.312
8255.333999999999
8271.874
8308.182999999999
8313.518
8360.681
8406.575
8477.086
8553.788
8538.257
8658.618
8724.617
9157.154
9452.645999999999
9580.311
9693.557
9698.404999999999
9782.164
9791.593
9858.964
9861.710000000001
9961.641
9979.483
9996.619
10016.282000000001
10024.267
10027.317000000001
10076.684000000001
10101.528999999999
10126.205
10131.649
10144.135
10156.952000000001
10141.632
10163.044
10180.669
10217.844
10222.082
10224.434000000001
10237.947999999999
10275.717
10292.971
10336.598
10344.624
10381.261
10535.016000000001
10600.863000000001
3571.059
3684.914
3691.342
3759.831
3762.9429999999998
3844.6310000000003
3851.336
3920.701
3976.588
4034.662
4087.8759999999997
4100.099
4120.257
4177.2080000000005
4252.380999999999
4281.206
4341.86
4468.248
4480.928
4481.36
4559.5509999999995
4705.47
4975.955
4983.112
4985.7300000000005
5044.833
5100.225
5114.827
5158.171
5292.183
5296.973999999999
5434.934
5469.446
5469.625
5510.961
5519.69
5521.049
5528.891
5576.164000000001
5576.223
5611.679999999999
5623.159000000001
5608.6359999999995
5617.467000000001
5651.1269999999995
5696.905
5700.001
5706.714
5742.501
5746.9130000000005
5815.235000000001
5825.429
5845.823
5853.998
5983.532
6097.821
6133.084
6210.542
6244.273
6277.426
6276.947
6293.696
6387.592
6402.719
6502.937
6588.273
6605.826
6708.094
6704.448
6729.879999999999
6731.749
6743.272
6736.923
6849.055
6865.812
6864.582
6919.254
6945.62
6949.487999999999
6951.235
6968.378000000001
6983.1050000000005
6997.015
7036.335
7078.218
7085.942
7086.093
7096.8369999999995
7167.688
7200.872
7274.278
7325.012
7386.135
7394.352
7405.005
7476.025
7476.936000000001
7661.96
7736.466
7744.658
7864.935
7862.499
7872.715999999999
7877.116
7889.705
7890.83
7960.751
7961.927000000001
7978.45
8012.9529999999995
8059.305
8059.867
8077.256
8099.302
8130.303
8139.504000000001
8185.710999999999
8191.546
8219.155999999999
8220.66
8239.907000000001
8260.134
8269.523
8577.293
8620.517
8634.398
8647.526
8647.817
8653.908
8657.642
8706.028999999999
8812.084
8811.595000000001
8961.396
8961.988
8968.405
8972.6
8986.41
8991.467999999999
9035.601
9045.629
9053.654999999999
9074.238
9342.542
9343.471
9357.378
9482.317000000001
9503.038999999999
9510.735999999999
9578.654
9618.124
9625.465999999999
9630.694
9637.201
9645.296999999999
9694.478000000001
9857.374
9912.865
9946.512
9961.439
9965.012
9979.192
9986.277
10010.107
1954.9669999999999
1956.442
2101.938
2110.802
2148.4339999999997
2150.692
2151.755
2151.92
2217.8089999999997
2217.7349999999997
2223.54
2226.969
2446.536
2542.583
2546.074
2632.788
2746.239
2745.8680000000004
2767.642
2768.814
2827.406
2837.688
2845.416
2842.632
2883.8379999999997
2964.6620000000003
2984.8979999999997
3010.927
3012.909
3013.54
3012.789
3027.081
3040.378
3077.5519999999997
3083.5699999999997
3145.147
3159.417
3230.24
3226.8340000000003
3230.7380000000003
3237.665
3346.6659999999997
3353.199
3357.654
3365.358
3509.783
3615.6839999999997
3629.6020000000003
3745.0519999999997
5099.663
5140.731
5668.148999999999
5734.091
5740.447999999999
5746.951
5751.162
5747.611
5769.790999999999
5770.8640000000005
5776.366999999999
5803.754
5810.1669999999995
5833.911999999999
5833.43
5854.463
5854.650000000001
5851.665
5883.986
5886.072999999999
5888.767
5904.035000000001
5896.91
5892.162
6078.789000000001
6055.485
6130.706
6110.614
6114.589
6107.721
6110.41
6084.9529999999995
6136.903
6371.85
6387.188
6746.175
6947.206999999999
6978.839
7011.113
7056.814
7057.703
7093.704
7092.878
7149.618
7185.76
7192.887
7209.311
7242.686
7250.869
7277.606
7344.414000000001
7519.786
7562.447
7597.014999999999
7620.678
7626.6449999999995
7639.771
7640.848
7646.312
7654.036
7674.202
7678.147
7700.621
7705.843
7710.4169999999995
7718.208
7727.341
7728.837
7842.889999999999
1787.7559999999999
1790.893
1820.609
1874.4769999999999
1879.7630000000001
1918.922
1918.905
1952.31
2021.836
2022.84
2030.696
2068.591
2099.26
2112.009
2209.66
2322.301
2357.813
2398.633
2452.937
2455.873
2497.672
2520.871
2525.6980000000003
2535.8610000000003
2568.3129999999996
2598.478
2599.429
2603.388
2624.213
2626.2889999999998
2640.92
2649.284
2667.9
2863.437
2864.5809999999997
2891.087
2938.256
2955.8430000000003
2991.0570000000002
2999.674
3016.899
3306.696
3310.466
3332.322
3337.971
3345.231
3363.4629999999997
3374.7509999999997
3396.3549999999996
3417.596
3449.0660000000003
3508.407
3513.667
3556.031
3628.8849999999998
3633.62
3635.721
3800.535
3794.9069999999997
3831.389
3832.164
3871.514
3882.791
3892.137
3889.545
3895.041
3949.3689999999997
3957.351
3963.337
3998.4579999999996
4014.1549999999997
4040.265
4070.8770000000004
4089.886
4400.054
4406.372
4451.1900000000005
4459.380999999999
4480.294
4482.672
4481.285
4501.929999999999
4506.945
4513.558
4554.526
4557.898
4596.898
4695.844
4710.388
4713.297
4848.25
4847.92
4882.861
4884.509999999999
4925.741
4950.177
4968.977
4971.556
4970.822
5014.879
5018.718
5024.049
5048.456
5056.376
5097.899
5123.504
5139.662
5566.643
5588.580999999999
5597.8279999999995
5617.862
5632.348
5649.287
5662.303
5663.312
5668.731
5673.784000000001
5688.891
5693.4529999999995
5704.626
5749.924
5760.563
5765.975
5891.7210000000005
5892.862
5966.683
5981.576999999999
5998.2480000000005
6018.208
6063.996
6073.336
6072.664
6134.427
6143.54
6144.3820000000005
6182.367
6182.2480000000005
6184.865000000001
6207.705
6211.456
6608.96
6637.045
6651.733
6678.425
6694.597
6740.872
6764.528
6766.773
6784.558
6790.031
6798.19
6805.915
6820.808999999999
6841.341
6844.5070000000005
6846.656
6936.807
6938.036
7012.688
7032.5160000000005
7043.224
7063.417
7153.818
7161.755
7178.481
7332.808
7550.23
7606.163
7671.875
7713.236
7725.511
7752.777
7753.898999999999
7830.005
7830.839
7848.68
7883.352999999999
7942.196
7980.04
8025.313000000001
8037.095000000001
8055.525
8050.045000000001
8067.688999999999
8130.995000000001
8132.178
8142.063
8146.8679999999995
8193.253999999999
8210.433
8214.483
8293.793000000001
8313.554
8321.787
8374.822999999999
8383.074
8405.036
8414.487
8433.576000000001
8693.879
2637.8430000000003
2678.721
2717.8469999999998
2733.424
2767.566
2773.145
2841.901
2841.631
2863.7830000000004
2876.582
2940.1440000000002
2972.933
3011.241
3066.148
3090.7909999999997
3093.587
3095.799
3159.244
3164.574
3190.2219999999998
3199.661
3372.974
3532.465
3543.0679999999998
3547.369
3555.483
3561.104
3564.458
3585.69
3598.491
3598.6099999999997
3604.446
3695.7
3698.9939999999997
3733.768
3781.6130000000003
3804.786
3842.67
3845.624
3909.557
3920.258
3941.194
3947.469
3994.614
4041.215
4084.421
4184.3769999999995
4231.512000000001
4285.667
4320.8820000000005
4324.9529999999995
4396.951999999999
4545.235
4551.055
4554.447999999999
4667.107
4783.863
5075.9800000000005
5135.214
5211.462
5215.532999999999
5330.352000000001
5348.858
5431.158
5455.369
5562.8330000000005
5566.975
5601.885
5605.438999999999
5615.34
5650.174
5670.3060000000005
5683.544000000001
5705.155000000001
5706.959000000001
5715.178
5733.503
5741.158
5765.187
5749.3679999999995
5803.658
5825.482
5840.242
5854.894
5851.872
5860.47
5868.309
5873.897
5872.344
6101.347
6173.5740000000005
6240.177
6276.378000000001
6287.801
6376.543
6404.226000000001
6494.889999999999
6510.752
6670.35
6679.5960000000005
6700.746999999999
6711.281
6706.539000000001
6738.316
6745.36
6767.85
6791.737
6793.513
6811.24
6880.268
6883.636
6921.535000000001
6924.326
6959.401
6964.97
7007.133
7016.889
7022.965
7034.191
7041.6449999999995
7041.722
7041.389
7277.505999999999
7297.166
7309.125
7343.326
7343.291
7430.629
7460.892000000001
7728.385
7806.697
7836.74
7848.611
7861.092000000001
7917.521
7919.991999999999
7939.764
7955.148999999999
7983.88
8033.723999999999
8042.508
8056.143000000001
8161.848000000001
8210.849
8241.493999999999
8265.936
8268.136999999999
8269.937
8275.0
8290.644
8306.575
8324.304
8323.847000000002
8338.671
8354.819000000001
8426.608999999999
8456.244999999999
8467.402999999998
8495.374
8557.516
8599.878
8616.81
8829.277
8953.969000000001
9019.852
9044.49
9049.005
9116.806999999999
9126.581
9161.334
9177.735
9198.892
9220.458
9245.647
9268.162999999999
9288.195
9370.561
9369.54
9581.136
9593.955
9616.639
9620.114
9642.679
9658.652999999998
9668.428
9887.911
9938.409
9948.17
9969.607
10024.692
10065.185
10070.949
10114.642
10155.367
10381.556
10445.706
10460.577000000001
10461.164
10463.091
10549.573
10582.365
10584.356
10605.176
10608.34
10622.596
10624.391
10643.044
10654.184000000001
10675.722
10688.921
10748.622
3672.596
3677.054
3695.705
3706.001
3706.3109999999997
3723.852
3889.4030000000002
3956.432
3989.6699999999996
3998.267
4025.335
4115.209
4125.245
4137.947999999999
4151.868
4329.372
4438.152
4453.4310000000005
4459.736999999999
4468.38
4512.334
4563.92
4565.505
4593.507
4709.724999999999
4758.963
4762.103
4797.568
4964.9349999999995
5040.25
5051.444
5106.506
5117.134
5122.715
5135.107
5128.460999999999
5165.862
5189.544
5215.486
5246.8
5267.661999999999
5267.371
5277.433
5310.489
5313.755999999999
5317.558
5315.947999999999
5379.447
5706.053
5820.495
5865.3769999999995
5895.611
5907.368
5909.865
5917.01
5917.581
5920.283
5983.973
6044.536
6052.120999999999
6074.156999999999
6123.113
6140.755999999999
6205.274
6302.022
6319.54
6328.721
6367.154
6398.895
6463.669000000001
6487.137
6524.522
6525.847
6539.240000000001
6542.436000000001
6546.942
6536.933
6556.495
6572.023999999999
6589.543
6777.249000000001
6882.2970000000005
6963.644
7114.393
7124.262
7186.321999999999
7209.038
7205.736
7230.115
7234.87
7247.84
7265.734
7274.250999999999
7284.427
7284.799999999999
7299.678
7370.845
7404.689
7405.897999999999
7425.871
7447.504999999999
7526.42
7542.9130000000005
7638.235
7669.558
7758.606000000001
7770.354
7777.385
7798.389
7821.049999999999
7825.294000000001
7829.150000000001
7887.925
7947.835999999999
8088.094999999999
8466.648
8470.77
8507.836
8533.579
8538.073
8543.422
8564.426
8570.387999999999
8574.51
8609.247
8616.836
8624.053
8639.791000000001
8648.263
8675.853
8674.497000000001
8687.772
8705.377
8723.367
8726.832999999999
8754.518
8763.06
8847.103000000001
8905.29
8912.727
8929.569000000001
8943.095
8967.372
8975.474999999999
8993.269
9008.849
9145.255000000001
1464.1100000000001
1465.443
1493.884
1538.72
1545.093
1546.8990000000001
1573.55
1582.4830000000002
1583.428
1620.844
1634.763
1642.831
1649.317
1667.605
1702.089
1723.377
1728.228
1746.162
1779.783
1927.835
1937.391
1947.444
2101.7380000000003
2113.1160000000004
2113.812
2131.257
2147.228
2153.9359999999997
2158.355
2155.348
2165.495
2189.247
2512.113
2517.996
2533.931
2610.5879999999997
2616.236
2621.907
2654.015
2666.835
2675.0080000000003
2708.8779999999997
2739.469
2733.724
2751.921
2771.396
2801.492
2819.419
2830.452
2833.859
2979.475
3280.233
3346.158
3427.282
3444.697
3462.846
3492.954
3502.2639999999997
3507.1690000000003
3510.775
3502.498
3511.265
3515.7219999999998
3517.544
3575.568
3596.904
3597.165
3686.352
3692.2980000000002
3703.088
3737.458
3747.1
3761.851
3786.5679999999998
3840.194
3868.014
3904.987
3935.723
3948.861
3966.648
3973.473
3975.134
4027.972
4340.817
4386.173000000001
4471.824
4491.267
4502.138000000001
4548.460999999999
4611.976000000001
4621.567
4643.87
4672.692
4676.133
4686.476
4695.465
4703.874
4713.085
4748.354
4790.247
4790.738
4861.955
4864.769
4882.191
4901.915
4900.840999999999
4970.778
4994.597
4995.272
5122.853
5127.409
5137.666
5152.178
5158.95
5182.762000000001
5385.710999999999
5433.906999999999
5517.375999999999
5547.157
5566.4
5592.176
5663.582
5677.37
5693.615000000001
5731.688
5741.679
5789.737
5805.7699999999995
5817.859
5822.754
5852.420999999999
5869.526
5874.73
5937.91
5970.98
5973.747
5983.809
5994.405000000001
6030.312
6089.866
6099.081
6228.627
6247.596
6265.376
6282.474999999999
6286.226
6286.857999999999
6478.369
6531.87
6586.704
6606.274
6615.643
6633.73
6711.786
6731.907999999999
6747.748
6773.232
6797.551
6842.781
6872.978
6882.905
6905.146000000001
6970.267
6986.371
7009.496999999999
7070.3240000000005
7216.759
7257.436000000001
7256.706999999999
7270.605
7269.942999999999
7311.185
7332.687
7411.893
7435.915
7455.5509999999995
7468.344
7475.157
7490.571
7556.821
7970.404
7974.205000000001
8016.835999999999
8039.975
8054.874
8068.885
8093.092000000001
8109.648
8120.990000000001
8128.804000000001
8130.9400000000005
8161.917
8182.217
8201.126
8244.681
8250.821
8268.265
8283.851999999999
8306.139
8401.251
8410.48
8413.15
8438.407
8449.182
8472.91
8563.336
8577.631
8630.482
8644.09
8652.635
8669.822
8676.079
3631.235
3663.5209999999997
3665.796
3687.836
3694.925
3719.8889999999997
3719.8579999999997
3724.3529999999996
3727.15
3731.3900000000003
3763.757
3772.15
3784.557
3799.2720000000004
3796.852
3803.204
3827.769
3838.662
3838.918
3884.891
3887.889
3903.928
3903.5570000000002
3906.819
3925.486
3931.66
3930.736
3937.598
3941.012
3944.19
3947.08
3951.965
4698.898
4704.316000000001
4713.282999999999
4726.349
4740.651
4829.1
4827.002
4881.932
4917.025
4925.723
4944.463
4978.73
5015.589
5055.87
5059.089
5074.253
5075.5109999999995
5079.122
5141.33
5151.232
5180.183999999999
5193.4839999999995
5194.950000000001
5197.709
5197.429999999999
5210.067999999999
5242.507
5252.837
5270.675
5271.704
5276.462
5284.967
5764.090999999999
5764.700000000001
5769.276
5783.909000000001
5796.637
5886.5869999999995
5888.576
5926.971
6019.07
6026.704
6041.054
6046.3240000000005
6073.756
6152.263
6169.81
6169.189
6176.606
6175.859
6281.581
6291.851000000001
6393.509
6413.686000000001
6417.51
6457.892
6465.576
6468.043
6467.448
6483.009
6490.938
6491.195000000001
6493.099
6919.58
6930.697999999999
6962.463
6979.7390000000005
7007.2
7010.716
7033.316
7026.005999999999
7442.056
7691.316
7686.539
7689.857
7706.591
7739.806
7789.784
7815.57
7815.579
7819.182
7819.537
7821.503
7825.749
7849.2119999999995
7853.287
7866.091
7868.906
7886.339000000001
7888.094
7910.21
7911.532
7917.54
7918.088
7976.845
7990.454
8034.749
8034.637999999999
8103.796000000001
8117.877
8126.319
8129.977
8513.471
9004.265
9187.934000000001
9218.455
9223.652
9228.591
9252.515000000001
9390.001
9452.244
9462.358999999999
9481.961
9486.511999999999
9493.526
9506.221
9502.036
9523.478000000001
9537.702
9539.941
9562.922999999999
9566.656
9566.354000000001
9579.26
9599.743999999999
9605.511
2447.533
9623.107
9632.425
2460.049
9639.359
9646.811
2475.299
2495.252
2881.042
3058.621
3120.933
3129.706
3137.194
3141.1910000000003
3264.8869999999997
3327.751
3335.56
3366.8
3413.312
3415.832
3464.682
3493.32
3522.841
3553.6150000000002
3553.19
3595.362
3629.669
3630.6090000000004
3644.865
3653.3129999999996
3653.565
3667.889
3669.0550000000003
3678.87
3677.682
3681.723
3681.1029999999996
3687.5460000000003
3695.229
4033.6290000000004
4145.911
4250.003000000001
4252.818
4280.322
4290.575
4386.687
4427.2210000000005
4430.9839999999995
4448.236
4527.824
4529.319
4566.275
4574.421
4603.705
4644.063
4647.919
4661.716
4738.540000000001
4766.37
4806.932
4834.788
4866.917
4884.1720000000005
4888.705
4897.155
4906.592
4909.217
4927.317
4930.599
4932.1849999999995
5083.54
5233.388
5322.071
5324.525000000001
5356.148
5373.093
5483.7119999999995
5520.3009999999995
5560.058
5577.569
5655.979
5673.861
5687.305
5701.336
5737.0830000000005
5741.692999999999
5754.698
5757.201
5804.26
5822.111
5859.75
5903.035
6051.5160000000005
6143.813
6171.649
6183.116
6187.037
6188.151000000001
6224.972
6292.304
6294.773
6297.697
6375.842
6407.936000000001
6443.5960000000005
6489.183
6499.41
6561.856
6626.295
6630.359
6651.434
6722.378
6756.967000000001
6763.036999999999
6770.508000000001
6865.387
6915.071
6921.716
6946.788
6945.433999999999
6966.195
6981.35
7028.984
7099.09
7198.275
7241.018
7260.835
7264.558
7275.658
7294.938
7336.399
7353.481000000001
7417.208
7420.693
7448.601
7511.92
7559.585
7566.703
7602.054
7670.421
7685.776
7697.51
7767.267000000001
7798.59
7812.284
7827.81
7905.173
7953.588
7963.008000000001
8005.463000000001
8168.481999999999
8183.48
8205.865
8220.568
8234.438
8254.571
8339.543000000001
8354.854
8399.704
8407.094000000001
8413.439999999999
8445.296
8454.689
8494.334
8511.927
8528.384
8567.452
8616.417
8622.932
8654.47
8740.526
8765.524
8767.868999999999
8818.887
8856.715
8892.811
8897.426
1854.528
1902.112
1914.992
2057.198
2116.5750000000003
2129.42
2168.6369999999997
2185.629
2191.226
2227.713
2286.514
2312.762
2370.843
2374.206
2380.94
2429.4500000000003
2433.377
2452.5130000000004
2486.918
2501.2059999999997
2521.309
2570.0789999999997
2580.732
2603.102
2695.594
2721.017
2723.4449999999997
2771.589
2807.051
2850.336
2852.007
2903.293
2948.9030000000002
2960.4309999999996
3087.3379999999997
3169.014
3177.2070000000003
3215.547
3236.602
3238.359
3279.997
3327.319
3350.6710000000003
3411.0260000000003
3419.765
3611.7309999999998
3682.953
3683.7749999999996
3691.202
3699.938
3705.7380000000003
3707.115
3709.45
3712.1620000000003
3712.589
3747.487
3782.204
3786.806
3829.73
3859.728
3903.355
3908.9900000000002
3947.8970000000004
3992.757
4004.618
4123.418
4223.188999999999
4224.865000000001
4260.137000000001
4311.985
4325.848
4343.587
4383.917
4409.135
4477.805
4479.625999999999
4659.302000000001
4756.813
4788.746
4828.506
4859.406
4871.577
4884.869
4896.075
4904.536
4907.5740000000005
4905.42
4930.539
4949.293
4971.39
4978.918000000001
4999.577
5011.143
5012.552000000001
5199.794
5358.619
5475.013
5512.854
5526.098
5550.5740000000005
5564.044
5564.717
5571.3189999999995
5600.5599999999995
5604.395
5613.679
5614.584
5707.132
5802.418000000001
5852.805
5886.954000000001
5926.916
5963.46
5987.785
6034.7119999999995
6045.003000000001
6044.536
6082.922
6115.819
6131.867
6129.856
6136.442
6144.859
6161.3550000000005
6163.356000000001
6379.7519999999995
6469.9929999999995
6520.714
6578.942
6587.002
6616.493
6689.407
6689.992
6710.3460000000005
6713.099
6721.167
6727.702
6731.322999999999
6747.773999999999
6836.099
6913.913
6938.193
6972.7699999999995
7023.211
7038.171
7122.301
7132.215
7134.637
7159.547
7242.201
7273.182000000001
7272.934
7276.547
7294.146
7295.473999999999
7298.124
7424.595
1470.644
1521.093
1585.2839999999999
1594.984
1623.7630000000001
1710.73
1731.583
1773.145
1777.271
1785.721
1797.5410000000002
1797.588
1800.6850000000002
1834.446
1913.149
1937.786
1969.5149999999999
2041.2780000000002
2053.561
2144.7400000000002
2157.013
2171.646
2177.226
2249.655
2307.54
2318.453
2330.826
2342.8909999999996
2351.676
2362.775
2429.188
2512.906
2561.5389999999998
2645.474
2650.271
2672.832
2769.984
2786.587
2881.144
2910.325
2916.7740000000003
2933.568
2942.932
2965.869
2972.9339999999997
2985.208
3005.798
3027.929
3108.804
3127.131
3250.339
3256.358
3259.463
3320.728
3388.561
3465.952
3525.537
3520.3030000000003
3543.822
3543.85
3563.0899999999997
3616.091
3657.294
3752.7720000000004
3755.268
3772.4829999999997
3825.895
3847.1549999999997
3948.499
3987.946
4024.971
4098.39
4094.5299999999997
4102.76
4140.3910000000005
4152.831
4152.4400000000005
4153.942
4191.156999999999
4197.639999999999
4824.697999999999
5201.157
5218.993
5228.637
5235.973999999999
5301.874
5305.8189999999995
5325.597
5324.259
5326.603
5388.102
5418.662
5511.885
5568.939
5592.303
5594.992
5598.141
5611.926
5614.856
5625.326
5627.313
5629.969
5628.47
5637.537
5653.826
5667.816
5666.571
5705.232
5700.201
5695.68
5886.418
6272.526
6303.256
6308.971
6314.866
6459.772
6478.404
6474.31
6508.6320000000005
6511.921
6525.784
6547.782
6825.851000000001
6863.584000000001
6890.192
6911.525000000001
6958.5650000000005
6977.3189999999995
6977.363
6981.232
7008.9
7009.526
7008.315
7022.5
7031.335
7031.359
7044.74
7046.556
7049.411
7055.96
7057.249
7336.039000000001
7406.907999999999
7427.585
7431.534
1398.031
1438.224
1443.0210000000002
1474.4569999999999
1519.725
1524.59
1537.3909999999998
1753.145
1781.4099999999999
1810.023
1834.08
1873.164
1906.031
1915.889
1932.408
2006.649
2025.595
2026.9370000000001
2062.3179999999998
2065.7740000000003
2078.712
2088.45
2100.413
2099.193
2100.203
2103.071
2258.95
2354.909
2397.853
2405.868
2461.212
2514.2929999999997
2535.422
2541.988
2626.599
2643.6929999999998
2648.194
2812.629
2846.8779999999997
2872.183
2889.3559999999998
2922.574
3265.593
3297.838
3299.1839999999997
3308.5789999999997
3316.058
3328.3740000000003
3339.25
3342.942
3341.466
3349.917
3346.565
3361.14
3363.609
3371.1839999999997
3403.255
3425.387
3461.909
3492.2889999999998
3531.8990000000003
3640.177
3662.7580000000003
3670.852
3880.781
3921.192
3917.637
3984.7000000000003
4003.4330000000004
4012.294
4014.813
4025.2509999999997
4303.464
4349.068
4352.996
4364.649
4377.811000000001
4432.66
4448.389999999999
4456.205
4471.008000000001
4473.134
4481.098
4491.424999999999
4496.668
4502.313
4511.638
4522.947
4534.535
4541.907
4581.025000000001
4700.727
4719.252
4723.327
4916.818
4972.768
4974.798
5025.2970000000005
5087.813
5107.83
5106.134
5117.651000000001
5339.372
5405.76
5404.583
5416.7880000000005
5427.772
5473.053
5491.772
5508.934
5567.465
5594.909000000001
5619.077
5625.281
5635.7609999999995
5645.17
5665.565
5670.298
5681.556
5694.530000000001
5719.463
5749.182
5780.908
5782.025
5955.902
6020.008
6019.119
6065.546
6159.282
6169.682
6176.593000000001
6178.847
6382.94
6459.396
6468.8949999999995
6470.6849999999995
6478.012
6509.085
6532.762
6546.982
6605.969
6631.376
6661.5960000000005
6673.915
6690.921
6695.054
6772.948
6783.311000000001
6787.08
6798.715999999999
6809.294000000001
6827.645
6840.095
6841.57
6993.052
7089.574
7091.343
7121.183
7269.893
7296.951
7315.941
7319.381
7422.9710000000005
1474.969
1505.194
1513.946
1523.108
1537.944
1564.562
1585.493
1616.184
1632.597
1667.1290000000001
1686.075
1723.894
1727.163
1812.246
1839.972
1875.643
1882.312
1918.849
1941.977
1949.5549999999998
1960.52
2003.2450000000001
2114.9429999999998
2117.438
2135.823
2284.6009999999997
2349.377
2363.9700000000003
2366.933
2426.183
2519.1119999999996
2571.4519999999998
2575.536
2593.887
2629.062
2654.078
2657.665
2873.928
2900.885
3002.7059999999997
3007.265
3031.277
3050.22
3061.322
3083.558
3090.805
3106.236
3117.214
3129.443
3131.918
3139.53
3139.808
3172.6369999999997
3176.444
3187.792
3339.466
3385.29
3409.872
3411.264
3460.788
3555.517
3634.243
3637.779
3661.548
3678.544
3701.683
3702.086
3961.1420000000003
3975.701
4102.674
4112.021000000001
4142.229
4177.037
4186.619000000001
4200.687
4240.17
4239.678
4250.644
4256.967000000001
4280.174
4284.938
4288.463
4290.625
4299.362
4307.323
4373.916
4423.085999999999
4450.2699999999995
4452.657999999999
4495.6630000000005
4584.5289999999995
4702.804999999999
4702.245
4719.053
4728.631
4758.0070000000005
4765.455
5002.176
5013.342
5139.722
5150.156
5191.935
5223.582
5241.6179999999995
5248.381
5312.805
5328.412
5329.442
5362.234
5397.774
5403.414
5413.276
5419.309
5430.294
5431.715999999999
5437.223999999999
5460.973
5491.113
5497.187
5530.35
5619.254
5756.34
5760.193
5788.1900000000005
5801.777999999999
5831.6759999999995
5836.572
6050.464
6060.2029999999995
6184.787
6185.032999999999
6236.8009999999995
6268.3
6296.483
6300.8949999999995
6354.71
6375.5779999999995
6378.946
6400.559
6438.441
6485.978
6521.436
6521.715999999999
6543.004
6547.828
6562.528
6568.496999999999
6583.893
6587.3910000000005
6596.41
6657.578
6806.8
6807.721
6844.572
6844.938
6883.009
6889.236999999999
7114.452
7129.897
7241.008
7243.876
7290.785
7337.248
7367.29
7369.272
7417.562
7449.404
7457.112999999999
7482.536999999999
7498.53
7534.957
1562.022
1570.239
1661.627
1671.03
1679.846
1680.024
1696.3809999999999
1709.933
1712.255
1714.018
1999.352
2007.282
2021.855
2019.4169999999997
2033.972
2039.177
2140.0969999999998
2152.5409999999997
2274.69
2277.351
2318.6650000000004
2354.12
2395.6780000000003
2407.518
2444.4
2477.904
2477.486
2512.5829999999996
2550.358
2569.786
2607.913
2621.2580000000003
2733.848
2789.808
2832.2400000000002
2869.2470000000003
2877.027
2852.48
2900.8340000000003
2907.8360000000002
3111.6440000000002
3124.857
3128.872
3137.82
3147.679
3194.4309999999996
3207.897
3333.6070000000004
3337.43
3367.975
3403.338
3464.6560000000004
3461.927
3497.539
3539.126
3542.0820000000003
3633.681
3882.273
3947.722
4145.272
4246.7119999999995
4249.909
4288.953
4298.9800000000005
4380.174
4387.063999999999
4468.975
4533.576
4588.072999999999
4637.303
4733.685
4779.329
4816.221
4815.527
4844.25
4846.29
4842.731
4859.629
4896.256
4902.259
4907.447
4914.5779999999995
4918.075
4923.73
4926.927
4929.6410000000005
4981.235
5012.241
5252.165
5313.1
5335.409000000001
5352.0960000000005
5376.052
5444.19
5454.452
5529.397
5696.531
5727.387000000001
5736.562
5801.116999999999
5847.236
5923.886
5927.119000000001
5963.303
5971.167
6032.803999999999
6083.128000000001
6261.129999999999
6278.6900000000005
6305.851
6297.998
6318.575
6322.625999999999
6311.122
6335.553
6347.346
6366.75
6395.379
6428.174
6449.360000000001
6468.848
6475.658
6531.948
6531.754
6654.085
6775.851000000001
6799.843
6808.089
6862.916
6912.185
7497.775
7549.106
7872.5
7878.308
7899.201
7934.090999999999
7952.05
7956.591
7958.773
7959.912
7959.925
8017.856999999999
8022.2519999999995
8024.774
8044.3730000000005
8047.928000000001
8049.227
8077.2429999999995
8077.441000000001
8087.448
8097.548
8102.93
8108.499999999999
8157.964
8162.07
8160.522999999999
8173.968000000001
8183.44
8183.119
2453.17
2498.3450000000003
2834.016
2849.4
2873.383
2909.321
2965.831
2981.6820000000002
2984.1099999999997
3002.342
3013.819
3119.489
3129.925
3131.281
3209.027
3232.764
3249.529
3247.199
3251.545
3253.072
3283.458
3286.205
3295.0119999999997
3301.695
3343.0620000000004
3368.577
3370.5440000000003
3371.07
3374.98
3497.646
3541.534
3876.0099999999998
3883.866
3905.427
3943.018
4003.3580000000006
4034.1699999999996
4036.4519999999998
4050.395
4059.52
4170.657
4185.005
4184.423
4245.84
4273.152999999999
4313.5830000000005
4352.835
4363.495999999999
4369.227000000001
4401.466
4424.037
4433.535
4457.339
4464.84
4482.821000000001
4484.134
4489.839
4489.588000000001
4531.75
4578.228
4927.968
4930.0199999999995
4942.745999999999
4972.352
5039.7480000000005
5089.349999999999
5089.572999999999
5100.669
5105.000999999999
5206.073
5227.08
5230.2210000000005
5291.402
5338.374
5371.258
5503.749
5558.994000000001
5565.143
5653.347
5656.196
5830.825
5900.564
5893.282
5977.378
5989.258000000001
5982.74
5985.725
5996.407999999999
6028.07
6052.196999999999
6063.467000000001
6068.383
6081.214
6101.497
6163.37
6167.979
6177.045
6183.651
6257.79
6291.915999999999
6298.947
6356.496
6397.822999999999
6459.81
6571.402
6629.757
6635.3730000000005
6710.491
6714.165
6928.036
6995.454
7104.675
7237.662
7255.985
7258.986
7287.438
7286.943
7305.992
7306.299
7311.134
7323.173
7328.444
7366.956
7380.02
7402.691
7403.983
7422.406
7490.636
7492.451
7505.143
7511.929
7520.11
7542.852
7621.973
7693.743
7699.393
7775.461
7788.0019999999995
1669.565
1823.673
1865.4569999999999
1969.375
1990.797
1997.9869999999999
2058.027
2085.451
2133.634
2153.111
2150.2729999999997
2160.8399999999997
2188.961
2206.2580000000003
2246.841
2264.949
2267.038
2294.399
2325.677
2343.5609999999997
2346.724
2357.532
2355.7709999999997
2364.7740000000003
2385.9210000000003
2472.6499999999996
2474.519
2519.595
2531.901
2711.078
2856.605
2901.344
3001.422
3032.263
3049.743
3096.309
3124.543
3183.118
3233.3280000000004
3243.44
3259.33
3270.348
3273.161
3305.624
3324.807
3326.225
3343.815
3368.309
3406.824
3422.296
3433.853
3444.693
3449.346
3449.84
3520.421
3521.658
3562.784
3577.81
3756.58
3895.206
3939.778
4041.6559999999995
4066.2269999999994
4091.2430000000004
4140.768999999999
4174.094
4229.459000000001
4284.561
4298.12
4311.586
4340.485000000001
4345.504
4374.767000000001
4392.4349999999995
4395.778
4402.687
4419.241
4446.646000000001
4471.504999999999
4501.951
4517.131
4521.287
4521.715
4563.496
4569.227
4606.811000000001
4618.731000000001
4802.063
4933.796
4978.606
5084.254
5112.59
5135.517
5192.594
5226.3460000000005
5287.612
5331.471
5345.34
5375.429999999999
5405.121
5406.914000000001
5449.396
5472.405
5483.336
5490.798
5497.607
5516.672
5523.959
5559.422
5575.057
5590.429
5590.745
5618.979
5620.670999999999
5655.591
5668.101
5852.253
5967.166
6013.677000000001
6203.995
6206.417
6210.051
6236.773
6278.151
6326.368
6373.554999999999
6387.616
6416.193
6449.005999999999
6451.157
6487.634
6522.494
6540.956
6559.726000000001
6562.594
6582.410999999999
6581.728
6612.596
6636.245
6645.071
6659.18
6673.084
6679.693
6717.8060000000005
6735.96
6889.936
7003.453
7071.43
7298.340999999999
7307.308
7321.224
7329.172
7344.316
1335.321
1387.896
1403.593
1427.7340000000002
1464.698
1467.713
1495.156
1537.769
1560.042
1580.571
1588.1689999999999
1619.2230000000002
1621.653
1648.8970000000002
1705.8310000000001
1714.938
1728.011
1759.76
1756.694
1765.229
1932.816
2046.068
2111.929
2326.128
2349.805
2379.239
2408.46
2415.6110000000003
2424.5359999999996
2448.852
2463.273
2478.168
2526.8419999999996
2526.719
2548.543
2581.195
2603.913
2630.094
2644.7250000000004
2676.583
2678.094
2705.828
2777.65
2782.644
2802.608
2843.456
2842.241
2848.914
2981.8630000000003
3094.642
3180.211
3366.942
3388.929
3483.11
3528.6400000000003
3545.84
3541.14
3551.226
3572.948
3580.71
3621.607
3620.031
3627.545
3638.786
3659.754
3690.283
3729.839
3856.1839999999997
3887.803
3932.152
3974.021
3982.63
4006.978
4016.2940000000003
4013.344
4022.1920000000005
4058.451
4357.6230000000005
4344.509999999999
4488.01
4513.325
4547.017000000001
4636.872
4733.169
4737.1179999999995
4814.95
4820.067
4975.314
5048.243
5041.146000000001
5065.1630000000005
5092.723999999999
5154.581
5167.133
5229.494
5238.3150000000005
5262.957
5258.793
5293.02
5327.791
5313.248
5337.46
5338.5509999999995
5377.406
5384.68
5736.243
5745.859
5752.889
5763.141
5767.826999999999
5769.138
5893.792
5898.454
5932.04
5940.094
6078.2119999999995
6175.277
6144.422
6199.615
6285.776
6297.944
6369.904
6378.996
6422.639
6507.957
6516.3099999999995
6553.308999999999
6564.989
6575.32
6579.688
6587.289
6584.704000000001
6592.697
6838.188
6861.747
6886.447999999999
6893.221
6899.098
6909.438
6978.859
6992.42
7007.776
7013.775
7142.449
7243.8820000000005
7321.659000000001
7384.548
7395.195000000001
7439.742
7478.475
7494.102
7510.44
7586.461
7594.053
7639.160000000001
7749.9929999999995
7781.827
7787.77
7807.702
7822.987
7828.111
1855.405
1891.5910000000001
1941.0449999999998
1951.556
1955.258
1960.862
2017.856
2030.061
2069.218
2079.634
2140.7509999999997
2345.294
2361.148
2422.764
2435.091
2451.4680000000003
2481.895
2512.066
2521.7839999999997
2587.7490000000003
2596.0800000000004
2640.146
2744.4700000000003
2783.0099999999998
2798.0119999999997
2828.403
2846.627
2851.711
2897.9849999999997
2935.2459999999996
3018.03
3024.495
3025.068
3029.861
3061.8379999999997
3073.5899999999997
3129.302
3129.737
3181.647
3391.5190000000002
3407.428
3461.09
3479.299
3491.8619999999996
3524.746
3559.225
3563.7799999999997
3637.632
3646.654
3687.272
3785.984
3829.4990000000003
3845.257
3897.299
3913.031
3913.1459999999997
3937.748
3969.95
4251.492
4280.174
4287.78
4291.921
4293.0599999999995
4297.792
4303.413
4310.561
4314.913
4430.5199999999995
4449.587
4503.054
4520.414
4534.159
4560.5779999999995
4606.106
4607.727
4682.519
4689.903
4743.058
4826.1269999999995
4882.527
4898.72
4949.135
4984.174
4989.054
5009.451
5020.648
5304.349
5331.813999999999
5376.822
5388.518
5405.058999999999
5409.97
5425.258000000001
5427.795
5433.828
5480.92
5493.58
5539.731
5564.732
5573.2080000000005
5596.751
5655.055
5656.252
5743.496
5742.707
5790.625999999999
5860.103999999999
5924.213
5938.752
5996.048
6026.485
6042.139999999999
6055.225
6064.691
6355.667
6369.647
6414.6900000000005
6421.252
6451.741
6473.035999999999
6496.238
6497.266
6500.67
6523.751
6534.04
6579.406
6603.674
6612.832
6634.291
6707.206
6707.783
6797.733
6799.245
6831.405
6898.619
6962.625
6976.755
7044.295
7076.998
7143.705
7168.115
7172.535
1327.1409999999998
1345.5049999999999
1387.406
1394.555
1426.318
1451.647
1494.631
1500.6409999999998
1517.4099999999999
1539.296
1543.513
1562.5739999999998
1583.3029999999999
1596.995
1629.318
1699.757
1701.2730000000001
1778.682
1781.201
1809.53
1870.778
1939.3590000000002
1952.922
2029.7200000000003
2051.375
2124.321
2156.1639999999998
2161.217
2375.6560000000004
2387.0930000000003
2665.226
2705.959
2706.544
2712.783
2731.764
2753.938
2752.828
2771.594
2771.277
2767.633
2791.513
2790.3250000000003
2819.964
2825.881
2855.4089999999997
2856.7999999999997
2866.8300000000004
2880.779
2912.864
2983.758
2998.92
3072.4939999999997
3118.185
3301.16
3365.3520000000003
3376.935
3461.249
3480.5009999999997
3702.328
3768.974
3770.431
3778.645
3801.273
3835.384
3849.225
3879.2529999999997
3881.289
3932.199
3932.293
3929.824
3964.524
3977.332
3989.228
4003.0599999999995
4010.86
4010.808
4014.544
4054.2429999999995
4065.164
4135.7970000000005
4169.021
4380.8550000000005
4434.1720000000005
4442.758000000001
4525.315
4541.926
4751.0019999999995
4836.344
4840.746
4852.0019999999995
4863.660000000001
4887.112
4898.545999999999
4938.237
4941.737
5004.405000000001
5003.639999999999
5006.978
5046.514
5050.026
5107.889
5123.016
5145.396
5150.076999999999
5156.888
5160.005
5168.973
5186.893999999999
5228.912
5426.897
5474.821000000001
5489.299
5581.024
5609.29
5793.014
5883.398999999999
5890.5779999999995
5901.1230000000005
5908.7699999999995
5938.8730000000005
5947.611
5985.9929999999995
5987.824
6070.750999999999
6077.319
6076.9929999999995
6100.5869999999995
6101.558
6162.178
6186.781
6298.888
6346.242
6363.605
6388.041
6390.107
6396.576999999999
6403.7119999999995
6478.398
6546.262
6555.380999999999
6643.166
6663.4349999999995
6829.2609999999995
6947.578
6955.241
6961.067
7003.275000000001
7009.883000000001
7045.345
7044.8240000000005
7209.900000000001
7204.682
7210.9310000000005
7225.84
7234.946
7268.633000000001
7281.827
7356.719
7416.5650000000005
7536.349
7551.981
7631.177
7639.25
7662.1449999999995
7753.794
7806.539
7810.324
1812.003
1821.498
2133.2580000000003
2147.739
2172.88
2187.748
2184.876
2204.0609999999997
2213.121
2211.04
2291.199
2325.468
2325.2690000000002
2347.517
2347.141
2347.749
2373.468
2392.7000000000003
2441.2509999999997
2562.331
2584.2900000000004
2684.4359999999997
2694.996
2702.148
2798.617
2842.0679999999998
2844.338
3051.37
3065.547
3178.8669999999997
3201.039
3262.299
3271.748
3306.21
3307.596
3315.1820000000002
3317.697
3360.8720000000003
3408.097
3409.014
3430.284
3451.011
3457.5719999999997
3454.281
3483.149
3500.4080000000004
3701.36
3720.507
3866.272
3875.559
3875.381
3915.108
3941.907
3953.394
4144.1720000000005
4145.761
4232.575
4253.917
4345.497
4344.835
4408.822
4420.616
4433.584
4442.242
4483.901000000001
4491.715
4566.523
4568.995
4597.923
4612.3240000000005
4612.171
4619.986
4642.127
4872.132
4876.3769999999995
4922.214
4960.909
4960.808
4994.594
5023.057
5023.042
5255.249
5258.811
5291.879
5305.1269999999995
5400.075
5404.472
5463.005
5505.563999999999
5509.52
5516.717
5555.437000000001
5587.371
5648.544
5652.78
5733.805
5800.616
5805.361000000001
5816.523
5825.6449999999995
5937.838
5937.102999999999
5976.538
6076.285000000001
6130.682
6168.315
6173.254
6176.071
6332.71
6331.719999999999
6376.292
6372.656
7002.098
7090.922
7156.925
7201.258
7270.593
7285.005
7302.427
7302.572999999999
7315.549
7360.908
7389.115000000001
7400.362999999999
7441.686
7465.26
7482.111
7497.504
7539.046
7541.070000000001
7584.027
7616.464
7634.504
7635.759
7653.781
7668.762
7699.817999999999
7702.650000000001
7712.179
2015.094
2107.935
2379.486
2495.9060000000004
2545.646
2558.719
2573.797
2589.98
2629.1839999999997
2634.797
2637.556
2649.219
2671.9300000000003
2682.655
2692.401
2708.0769999999998
2711.7239999999997
2767.6690000000003
2788.79
2792.519
2815.544
2816.089
2824.06
2827.3160000000003
2828.544
2841.203
2844.6240000000003
3069.7670000000003
3155.156
3417.304
3535.824
3586.4519999999998
3614.406
3629.2909999999997
3634.353
3677.406
3699.667
3717.98
3757.83
3781.595
3797.681
3808.112
3813.9919999999997
3817.368
3852.73
3865.7889999999998
3887.533
3926.906
3936.428
3972.105
3976.918
3983.8070000000002
3986.289
3988.652
4105.419000000001
4193.961
4473.737
4576.345
4639.608
4684.291
4703.839999999999
4709.324
4735.622
4757.365
4768.275
4796.706
4825.329
4857.843
4889.163
4893.6669999999995
4910.4400000000005
4945.659
4945.295
4960.822
5031.271000000001
5042.629
5243.722
5253.802000000001
5259.543
5270.767
5281.513
5297.944
5299.981
5507.452
5611.545999999999
5689.523
5729.959
5749.256
5749.817
5784.489
5801.821999999999
5812.0960000000005
5832.042
5861.3730000000005
5894.025
5934.512
5938.566
5955.737
5992.951
6013.921
6021.332
6077.733
6091.113
6328.313999999999
6327.15
6355.22
6372.461
6382.709
6385.154
6391.262000000001
6546.37
6650.47
6738.593
6782.68
6804.216
6804.22
6852.826999999999
6879.316
6881.541
6894.112
6912.01
6934.938
7050.523
7057.092
7084.322
7131.217000000001
7155.3060000000005
7174.203
7179.161
7191.705
7386.9439999999995
7391.714999999999
1381.396
1421.117
1426.3349999999998
1426.034
1426.333
1542.076
1650.0490000000002
1740.049
1785.569
1827.77
1831.827
1863.583
1901.648
1914.628
1922.5810000000001
1942.026
1951.751
2066.788
2066.27
2089.5139999999997
2138.9649999999997
2157.799
2191.0080000000003
2199.1299999999997
2209.1690000000003
2392.0020000000004
2395.7999999999997
2426.9449999999997
2489.916
2495.42
2499.446
2499.0860000000002
2576.6650000000004
2687.17
2782.5730000000003
2820.832
2885.668
2890.6589999999997
2915.333
2986.368
3015.776
3033.832
3035.286
3058.654
3109.9
3118.0699999999997
3129.582
3173.445
3194.441
3245.882
3252.278
3264.4030000000002
3432.065
3434.236
3457.182
3545.857
3549.1150000000002
3556.966
3556.652
3610.389
3729.518
3817.2419999999997
3856.133
3951.691
3957.022
3979.1820000000002
4065.869
4096.553
4099.279
4124.166
4133.163
4177.797
4180.017000000001
4188.159
4219.772
4239.248
4287.148
4303.749
4311.783
4472.139
4474.667
4488.158
4615.074
4617.42
4626.338
4632.31
4653.143
4768.058
4852.956
4896.634
5007.101
5011.73
5032.896
5120.227
5168.047
5178.349
5198.344
5205.201
5243.280000000001
5244.085
5262.279
5287.982
5291.928000000001
5357.139
5368.419
5375.561000000001
5552.089
5561.074
5561.934
5690.152999999999
5701.166
5720.195000000001
5733.627
5751.424
5815.115
5895.151
5939.037
6094.515
6120.6269999999995
6291.204
6410.418
6411.663
6411.134
6422.518
6470.505
6469.911
6465.521
6492.615
6498.192999999999
6512.099
6529.249
6528.777
6536.11
6633.3820000000005
6638.151
6642.025000000001
6753.152
6770.104
6797.058
6801.449
6821.697999999999
6852.918
6932.286999999999
6980.978
1237.222
1284.8690000000001
1304.904
1457.1970000000001
1456.7730000000001
1469.723
1475.578
1568.6599999999999
1570.322
1607.616
1621.012
1633.2549999999999
1609.736
1632.141
1625.6960000000001
1656.8970000000002
1666.528
1675.301
1814.006
1840.684
1852.184
1871.753
1871.034
1892.148
1937.29
2106.9049999999997
2294.555
2332.5429999999997
2353.311
2569.353
2574.229
2586.087
2588.597
2628.58
2628.2230000000004
2769.399
2816.2980000000002
2833.606
2843.4249999999997
2840.0539999999996
2840.1969999999997
2849.27
2847.336
2866.525
2872.697
2897.9
2933.557
2939.486
2944.444
2949.7290000000003
3069.9809999999998
3156.743
3335.213
3372.7149999999997
3401.886
3698.682
3733.05
3760.974
3767.2949999999996
3766.888
3781.5249999999996
3824.807
3880.645
4122.029
4181.492
4191.042
4190.820000000001
4203.7570000000005
4232.15
4248.279
4253.701
4265.039
4278.544
4271.378000000001
4290.078
4250.426
4287.758
4294.723
4378.077
4428.789
4452.793
4760.514
4794.804
4842.191
4856.611
4863.571999999999
4873.664
4891.223
4949.304
5339.039
5398.616
5397.391
5434.447999999999
5452.496
5466.512
5504.2609999999995
5532.8189999999995
5530.393
5548.753
5549.44
5558.481
5625.142000000001
5665.733
5692.449
5773.372
5774.0070000000005
5794.087
5839.394
5868.777
5930.705
6067.577
6085.458
6111.707
6115.803
6144.424
6400.99
6466.452
6467.259
6513.737
6528.438999999999
6531.762
6623.908
6687.3240000000005
6696.283
6721.074
6749.61
6749.915
6825.394
6873.722
6880.487999999999
6986.573
6987.148
7005.135
6998.522
7044.042
7067.945
7148.321
7204.085
7213.902
7230.923
7251.8099999999995
7463.790999999999
7547.013
7592.31
7646.575000000001
7649.679
7653.3550000000005
1627.445
1902.2939999999999
1923.0449999999998
1945.403
1952.597
1959.605
1988.797
2003.964
2022.256
2108.0429999999997
2130.59
2144.765
2173.2580000000003
2174.553
2185.3030000000003
2235.315
2277.471
2298.018
2316.554
2318.403
2447.86
2534.139
2572.28
2650.68
2668.434
2677.1910000000003
2695.683
2951.966
3019.428
3040.057
3044.399
3063.638
3084.156
3093.406
3096.318
3147.443
3170.007
3182.714
3223.6929999999998
3232.383
3234.951
3357.185
3376.7749999999996
3388.5930000000003
3396.186
3392.467
3612.5919999999996
3614.652
3633.0170000000003
3693.366
3711.7960000000003
3725.1929999999998
3736.467
4008.362
4067.0669999999996
4113.837
4116.867
4154.493
4177.489
4208.142
4255.904
4260.283
4257.728
4274.428999999999
4287.903
4461.503000000001
4485.5960000000005
4503.299
4528.374000000001
4530.946
4537.347
4571.6320000000005
4674.5419999999995
4684.597
4690.648
4760.858
4787.076
4808.598
4810.445
5058.066
5119.911
5234.457
5238.174
5281.627
5282.181
5304.928
5347.779
5348.063
5409.0160000000005
5411.514
5458.254
5537.804999999999
5557.014
5597.669
5635.0740000000005
5635.688
5640.2080000000005
5652.923000000001
5724.389
5739.0509999999995
5739.254
5806.479
5840.673
5868.757
5871.249
6096.098
6177.893
6296.567
6298.412
6349.5650000000005
6356.893999999999
6372.538
6416.127
6427.562
6472.839
6475.959
6501.911
6583.371999999999
6603.792
6634.915999999999
6699.018
6700.160999999999
6702.766
6713.192
6763.404
6781.106000000001
6780.918
6842.566
6876.969
6913.913
6920.375
7155.512
7281.719
7374.96
7377.786
7475.895
7476.156
7515.045
7564.326999999999
7566.290999999999
7594.003
7609.938999999999
7632.179
7684.579000000001
7686.259
7706.782999999999
1729.75
1739.3609999999999
1744.9669999999999
1748.041
1790.769
1800.5629999999999
1803.932
1849.502
1877.742
1919.2279999999998
1929.5230000000001
2239.3019999999997
2277.345
2388.2129999999997
2388.9429999999998
2513.9230000000002
2522.919
2526.528
2578.1459999999997
2580.213
2599.275
2614.353
2647.232
2686.8280000000004
2692.354
2713.508
2773.009
2792.2729999999997
2802.4049999999997
2807.648
2836.891
2855.127
2854.8399999999997
2891.538
2915.036
2957.411
2970.098
3285.587
3316.3089999999997
3446.531
3449.164
3561.033
3578.2180000000003
3580.378
3635.596
3641.48
3660.218
3671.634
3691.144
3736.13
3740.995
3762.782
3809.0969999999998
3839.309
3855.7419999999997
3860.854
3891.547
3908.19
3910.0589999999997
3936.118
3951.375
3995.1020000000003
4007.643
4342.331999999999
4360.5830000000005
4500.343
4502.529
4629.065
4646.494
4649.544
4734.916
4760.215999999999
4765.092000000001
4781.418000000001
4798.99
4808.213000000001
4836.639
4851.395
4865.798
4895.173
4931.325
4930.704000000001
4972.172
5004.888
5009.711
5010.648
5032.41
5069.527
5069.299
5376.696
5397.816
5550.2570000000005
5563.612
5667.806
5703.26
5714.6359999999995
5779.75
5804.617
5812.628
5827.138
5846.323
5854.71
5879.754
5897.025000000001
5909.827
5968.077
5993.142
5993.959
6017.253000000001
6108.963
6132.767000000001
6147.638
6149.429999999999
6157.09
6159.135
6422.29
6442.953
6600.197999999999
6609.622
6704.417
6744.276
6759.651
6817.687
6868.678
6878.977
6899.666
6924.52
6938.864
6961.103999999999
6965.021
7005.37
7045.989
7048.406
7079.9310000000005
7163.887
7235.347
7442.315
7476.130999999999
7467.692
7509.246
7575.0109999999995
7602.22
7706.362
7717.519
7769.28
7853.411
7888.704
7936.773999999999
8006.2080000000005
8029.944
8057.8
8134.225
8137.896
8175.618
8175.775
8199.337
8205.103
8223.776000000002
8224.721000000001
8260.128999999999
2415.427
2472.826
2529.517
2545.833
2558.125
2661.612
2660.989
2736.3689999999997
2750.718
2792.2180000000003
2895.01
2914.8540000000003
2955.578
3417.811
3425.395
3451.559
3475.392
3625.8219999999997
3587.4030000000002
3726.369
3676.038
3767.433
3781.313
3777.025
3773.082
3876.962
3997.2949999999996
4022.666
4025.259
4082.357
4090.166
4133.918000000001
4188.547
4187.584
4193.616999999999
4205.340999999999
4214.069
4221.56
4473.973
4499.55
4610.127
4709.601000000001
4712.1630000000005
4833.142
4857.004
4871.067
4874.885
4885.221
4913.691
4940.76
5025.157
5049.964
5109.217000000001
5119.882
5151.537
5154.116
5184.929999999999
5296.268
5297.599
5304.634
5311.791
5315.833
5326.271000000001
5552.059
5585.806
6189.7970000000005
6251.264
6251.008
6281.865
6307.092
6315.187
6321.951999999999
6319.998
6334.9890000000005
6340.732
6372.8189999999995
6388.363
6391.2519999999995
6388.969
6467.123
6474.024
6502.262
6536.023
6540.077
6558.802
6558.99
6561.37
6563.431
6633.713
6857.125
7237.242
7304.931
7304.884999999999
7333.561000000001
7450.5160000000005
7451.599
7455.219999999999
7484.553
7512.768999999999
7526.432
7562.161
7585.883
7598.0160000000005
7619.308
7655.768
7671.76
7679.794
7687.37
7686.374
7702.906
7707.317
7723.677000000001
7726.349
7730.047
7905.281999999999
8280.403
8367.342
8368.940999999999
8393.451000000001
1455.632
1459.338
1459.984
1512.315
1650.217
1684.034
1825.093
1855.771
1861.202
1857.566
1894.3410000000001
1904.9370000000001
1916.7749999999999
1928.292
1911.0259999999998
1932.918
1934.256
1961.665
1968.764
1994.518
2006.892
2261.886
2354.9139999999998
2358.2830000000004
2369.212
2509.131
2509.982
2511.349
2715.107
2726.299
2736.6679999999997
2866.918
2935.331
2936.1510000000003
2954.968
2985.2509999999997
3002.8320000000003
3128.28
3137.973
3144.323
3159.454
3162.7169999999996
3173.355
3208.362
3213.1569999999997
3214.074
3304.1209999999996
3410.04
3420.811
3420.6569999999997
3560.558
3563.8010000000004
3564.194
3764.812
3780.56
3783.1229999999996
3903.3579999999997
3988.8599999999997
3990.335
4006.4719999999998
4030.5540000000005
4050.4280000000003
4186.132
4210.283
4226.588
4246.214
4262.279
4266.652
4292.946
4294.539000000001
4303.227
4352.182
4466.206
4477.2429999999995
4484.329
4613.206
4622.531
4624.739
4806.066000000001
4822.1720000000005
4824.063
4938.961
5034.862999999999
5043.857
5061.165
5089.317
5119.433
5250.147
5340.778
5340.544000000001
5348.099
5389.985000000001
5406.771
5411.8589999999995
5416.254999999999
5430.932000000001
5446.816
5535.201
5545.59
5551.019
5670.555
5676.304
5676.085
5844.845
5859.714
5861.441
5973.767
6083.369000000001
6103.848
6112.313
6196.156
6196.4439999999995
6313.706
6425.177
6428.221
6435.240000000001
6464.125
6508.174
6527.292
6533.261
6539.462
6538.67
6591.758
6608.749000000001
6611.252
6737.188
6744.101
6748.298
6899.3099999999995
7073.513
7158.268
7317.107
7361.18
7366.747
7380.898
7381.577
7384.626
7402.708
7512.787
7530.005
7564.2300000000005
7618.664
7671.925
7736.1089999999995
7746.84
7796.804
7890.441
7884.055
7914.241
7916.231
7959.228999999999
7961.016
7967.609
2120.112
2223.024
2253.917
2319.452
2360.007
2385.857
2414.687
2415.756
2420.5420000000004
2430.987
2509.4120000000003
2525.534
2565.681
2632.188
2669.1029999999996
2862.182
2862.348
2887.718
2900.844
2908.7670000000003
2922.572
2926.643
2961.497
2966.358
2975.628
3150.7070000000003
3298.7380000000003
3330.86
3429.9469999999997
3685.033
3704.703
3765.364
3764.551
3766.87
3812.415
3843.5190000000002
3863.436
3871.213
3876.267
3872.3179999999998
3925.5550000000003
3933.598
3963.8230000000003
3987.498
3990.821
4014.139
4026.953
4048.653
4051.22
4054.316
4186.474999999999
4351.168000000001
4379.482
4470.992
4743.947999999999
4773.739
4857.7789999999995
4862.468
4877.7970000000005
4900.265
4963.694
4980.603999999999
4986.150000000001
4985.325
5010.141
5026.221
5044.590999999999
5069.742
5097.005
5106.34
5133.83
5147.008
5160.632
5167.628
5233.191
5396.906999999999
5431.675
5518.589999999999
5800.91
5820.522999999999
5932.589
5937.042
5954.603999999999
5971.272
6029.594
6083.027
6081.969
6109.943
6174.545
6174.32
6211.772
6260.313
6391.8949999999995
6401.768
6404.479
6412.205
6417.695
6420.0869999999995
6428.137000000001
6465.669
6481.683999999999
6566.629
6880.607
6883.742
7024.329
7034.822
7050.988
7066.542
7123.815
7155.402999999999
7159.121
7234.734
7276.482
7287.184
7331.696
7379.831
7514.924
7555.125999999999
7585.298
7586.142
7603.817
7605.6179999999995
7606.606
7629.482999999999
7627.101
7647.863
1791.2330000000002
1793.355
1945.432
1959.546
1992.1899999999998
1995.401
2042.488
2089.4469999999997
2093.102
2143.377
2224.619
2238.0840000000003
2284.195
2313.114
2449.9010000000003
2498.593
2562.575
2560.087
2644.879
2640.393
2660.047
2660.691
2661.772
2668.2450000000003
2872.424
2876.578
3054.049
3065.561
3106.68
3116.211
3140.929
3247.983
3349.494
3559.6440000000002
3575.665
3596.349
3638.427
3650.789
3650.014
3685.536
3720.636
3741.894
3833.752
3844.335
3848.9399999999996
3852.255
3869.598
3880.799
3950.2540000000004
3951.622
4111.118
4126.419
4185.973
4265.117
4439.093
4535.214
4560.063
4624.675
4638.473
4838.445
4872.9259999999995
4895.276
4963.0289999999995
5051.268
5318.61
5327.266
5380.6900000000005
5400.378
5408.496999999999
5448.016
5465.657
5504.964
5515.071
5554.157
5575.388
5593.956999999999
5606.49
5626.233
5659.096
5694.329
5694.5509999999995
5716.295
5723.969999999999
5896.1810000000005
6034.941
6040.115
6071.534
6116.947
6368.389999999999
6383.8189999999995
6422.464
6455.277
6457.376
6509.427
6530.592000000001
6607.033
6632.294
6639.119
6674.628000000001
6679.684
6681.213
6699.785000000001
6708.937
6752.957
6753.7789999999995
6780.624000000001
6782.59
6973.9310000000005
7104.447
7114.353
7137.349
7168.152
1355.482
1373.459
1412.306
1446.847
1450.9279999999999
1502.247
1528.141
1601.247
1646.82
1646.001
1678.8780000000002
1715.6670000000001
1720.593
1724.866
1731.4579999999999
1768.7740000000001
1773.376
1791.2250000000001
1798.3629999999998
1966.4759999999999
2103.894
2111.434
2142.415
2167.0950000000003
2397.155
2414.728
2450.653
2492.3269999999998
2492.839
2554.62
2585.8469999999998
2647.879
2698.247
2698.913
2721.5950000000003
2870.21
2884.284
2894.466
2902.143
2909.913
2912.9550000000004
2924.782
2924.582
3005.009
3153.1380000000004
3163.786
3201.238
3213.6969999999997
3441.469
3457.1800000000003
3488.36
3559.622
3566.994
3608.796
3628.526
3690.7459999999996
3742.96
3748.979
3767.675
3986.332
3988.944
4016.7000000000003
4015.2419999999997
4022.0969999999998
4026.504
4033.16
4033.1089999999995
4061.867
4197.225
4207.789
4249.433
4257.467000000001
4493.064
4502.416
4543.250999999999
4636.402999999999
4635.241
4673.862
4684.221
4730.67
4795.893999999999
4805.964
4817.619
5039.995
5043.898999999999
5114.524
5122.098
5137.566
5148.382
5153.348
5158.858
5158.666
5249.311
5252.371
5290.06
5296.879
5537.303
5549.224
5617.2300000000005
5688.094
5692.421
5733.804
5740.251
5791.106
5862.153
5875.8460000000005
5886.112
6091.63
6095.8550000000005
6170.491
6171.986000000001
6210.277
6234.841
6241.917
6245.8460000000005
6251.107
6297.222
6298.528
6334.6
6342.286
6589.615
6604.725
6672.053
6748.433999999999
6759.637
6800.673
6808.208
6847.519
6914.917
6930.771
6943.232
7148.19
7151.149
7225.665
7230.3240000000005
7260.489
7293.453
7339.349
7339.155
7338.662
7392.991999999999
7392.737
7400.007
7411.313
1601.957
1622.67
1670.855
1782.307
1795.4859999999999
1810.157
1819.5900000000001
1854.451
1924.763
1946.107
1960.0059999999999
2156.213
2158.404
2233.148
2234.402
2262.98
2295.8379999999997
2504.111
2516.3700000000003
2517.535
2526.313
2533.104
2539.471
2540.7670000000003
2645.67
2664.772
2734.587
2826.449
2854.622
2872.0460000000003
2873.026
2898.0350000000003
2964.285
2991.7690000000002
3005.8790000000004
3209.213
3209.783
3275.1079999999997
3277.1639999999998
3301.671
3334.94
3562.2110000000002
3615.2540000000004
3619.826
3662.82
3675.8579999999997
3674.426
3682.076
3708.2470000000003
3718.5130000000004
3775.334
3869.411
3907.999
3932.5420000000004
3931.9480000000003
3949.58
4009.0409999999997
4058.9510000000005
4064.685
4255.996
4264.5289999999995
4319.7570000000005
4340.869
4376.891
4613.265
4724.654
4741.296
4807.524
4818.172
4834.668
4841.285
4842.473
4863.247
4870.487
4931.816000000001
4968.222
5016.771000000001
5029.907999999999
5051.093
5077.243
5112.57
5115.043
5314.566
5314.249
5375.992
5391.532
5423.987
5679.532
5774.03
5787.515
5863.826999999999
5897.426
5931.414
5935.647999999999
5946.867
5950.265
5953.952
5980.061
6023.945000000001
6101.977
6116.937
6134.535
6141.802000000001
6173.14
6182.119000000001
6376.016
6378.013
6426.481
6443.411
6465.491
6735.388000000001
6815.177000000001
6828.811
6910.084000000001
6939.987
6996.115
7016.906
7030.014
7037.524
7064.357
7065.422
7091.342
7168.936000000001
7199.283
7213.583
7243.994
7264.643
7273.555
7462.384
7477.861
7546.264
7549.330999999999
7552.532
1747.652
1828.878
1837.7730000000001
1925.406
1947.063
2021.684
2052.998
2075.04
2090.314
2103.087
2108.178
2125.4559999999997
2171.5939999999996
2207.3070000000002
2219.856
2247.673
2285.342
2289.7569999999996
3144.894
3184.875
3251.267
3274.677
3467.612
3498.525
3503.2000000000003
3514.216
3544.28
3549.697
3605.7929999999997
3612.0480000000002
3674.448
3680.803
3719.3849999999998
3721.0260000000003
3721.5750000000003
3757.475
3759.551
3766.744
3807.617
3856.477
3862.299
4379.990000000001
4395.902
4490.139
4495.062
4694.618
4714.3949999999995
4775.026000000001
4779.248
4815.673000000001
4858.660000000001
4951.059
4990.241
5020.582
5071.331
5075.491
5101.495
5112.9619999999995
5151.839
5163.807000000001
5169.551
5186.289000000001
5179.895
5204.058
5448.65
5472.4839999999995
5551.594
5561.776
5737.1759999999995
5748.67
5824.369
5827.2029999999995
5873.5689999999995
5935.386
6036.197999999999
6062.237
6080.362
6137.083
6141.586
6165.648
6169.5869999999995
6207.465
6265.778
6270.128
6286.292
6289.526000000001
6296.1900000000005
6557.692
6559.8640000000005
6609.228
6610.598000000001
6779.47
6792.293
6867.679
6870.6810000000005
6913.502
6981.001
7079.1849999999995
7111.417
7130.264999999999
7188.348
7212.245
7229.1179999999995
7244.362
7263.066
7356.119
7366.136
7393.699
7394.77
7394.987999999999
1575.3200000000002
1575.3980000000001
1614.953
1617.125
1784.455
1796.798
1873.131
1873.8410000000001
1912.16
1997.793
2121.844
2140.325
2144.447
2198.489
2226.255
2242.77
2262.9519999999998
2276.543
2368.125
2376.368
2416.187
2414.6580000000004
2420.599
2632.1240000000003
2637.066
2672.192
2674.493
2837.948
2858.0299999999997
2918.485
2916.616
2962.402
3070.189
3175.3740000000003
3197.346
3199.991
3252.2380000000003
3313.674
3342.4700000000003
3347.347
3348.5
3419.486
3426.126
3492.639
3494.71
3497.818
3694.579
3693.442
3723.706
3723.21
3887.502
3896.016
3959.25
3960.83
4037.3279999999995
4104.561000000001
4217.294
4245.6759999999995
4249.235
4296.423
4363.021
4404.581
4407.307000000001
4407.5689999999995
4495.84
4602.5830000000005
4659.697999999999
4661.155
4665.212
4745.1140000000005
4747.348
4771.284
4773.834
4925.24
4935.572999999999
5005.236
5010.182000000001
5116.413
5142.727
5262.536
5292.306
5294.785
5337.424999999999
5415.771000000001
5455.072
5459.713
5461.643
5644.061
5655.161999999999
5709.024
5714.210999999999
5715.596
5789.827
5789.33
5817.219
5816.8
5970.448
5976.517000000001
6087.421
6090.1810000000005
6160.384
6188.024
6296.736
6337.805
6342.972
6394.168
6462.643
6551.509
6551.599
6552.779
6682.566
6691.995999999999
6760.936
6765.414
6768.648
6835.021000000001
6835.245
6870.349
6873.224999999999
7010.131
7012.809
7151.312
7150.716
7204.39
7227.840999999999
1301.9940000000001
1347.9589999999998
1357.7079999999999
1395.7679999999998
1480.229
1592.073
1591.3619999999999
1591.041
1699.4759999999999
1704.542
1810.4279999999999
1829.0729999999999
1837.218
1871.935
1908.327
1937.1750000000002
1950.551
2024.661
2031.522
2167.663
2169.096
2390.665
2414.7690000000002
2428.532
2442.363
2449.871
2470.231
2524.234
2667.418
2669.641
2673.138
2769.0280000000002
2769.863
2872.375
2894.748
2899.962
2942.9370000000004
2964.575
2990.6929999999998
3005.418
3094.37
3095.3050000000003
3227.014
3228.896
3434.4199999999996
3453.518
3540.245
3570.92
3591.116
3599.473
3605.584
3757.1180000000004
3769.732
3771.407
3829.599
3832.463
3918.701
3955.321
3965.612
4067.819
4160.393
4190.673000000001
4207.361
4218.847000000001
4286.175
4293.276
4510.914
4510.754999999999
4639.598999999999
4671.897000000001
4693.615000000001
4694.191
4713.3099999999995
4866.609
4868.432000000001
4886.244
4902.004
4901.281
4971.7029999999995
5011.606
5024.196
5140.744
5222.521000000001
5247.0869999999995
5258.954
5269.718
5333.179999999999
5338.365
5558.098
5562.4929999999995
5703.302
5741.219
5767.331999999999
5773.478
5776.752
6331.947999999999
6370.7
6397.847
6449.026
6476.472000000001
6530.744000000001
6575.713000000001
6589.341
6588.834000000001
6610.698
6617.907
6630.759
6634.151
6649.544
6680.317
6718.670999999999
6721.19
6764.561
6799.331999999999
6864.645
6868.472
6884.599999999999
2368.169
2380.888
2397.404
2444.078
2474.281
2524.517
2596.569
2623.134
2641.524
2664.986
2686.1259999999997
2688.131
2705.661
2720.46
2734.257
2747.221
2753.8999999999996
2771.8410000000003
2801.623
2914.099
2926.105
2936.351
3452.414
3453.275
3477.252
3521.6
3561.4230000000002
3593.667
3679.768
3706.634
3746.6040000000003
3820.531
3834.196
3881.3979999999997
3908.074
3928.369
3957.646
3959.005
3967.5750000000003
3977.48
3994.0220000000004
4024.5660000000003
4028.012
4036.569
4518.464
4527.687
4565.158
4650.669
4689.731
4695.997
4753.981
4771.272
4974.997
5017.303
5027.893
5038.792
5044.65
5144.852
5148.497
5179.179999999999
5189.226
5200.68
5217.382
5223.424
5223.317
5227.79
5592.981
5610.966
5652.15
5711.638
5750.413
5758.037
5809.595
5828.123
6025.242
6062.746
6079.308
6094.992
6103.637
6199.866
6202.379
6248.8099999999995
6283.825
6299.506
6317.559
6327.372
6328.237999999999
6328.557
6691.458
6694.411
6706.781
6779.099999999999
6806.593999999999
6820.965
6881.012
6897.323
7253.24
7293.715999999999
7303.775
7326.963
7362.472000000001
7384.792
7469.664
7480.706999999999
7488.196
7502.13
7579.628
7582.996999999999
7615.538
7618.017
7810.165
7807.753
7815.539000000001
7866.123
7892.369000000001
7923.249
7975.874
7988.194
2149.3269999999998
2189.411
2200.955
2223.785
2257.55
2277.574
2400.5589999999997
2403.014
2431.854
2431.408
2514.1710000000003
2528.785
2531.289
2536.167
2722.4849999999997
2721.978
2726.991
2755.082
2788.129
2823.197
2876.8410000000003
2888.39
3192.729
3227.814
3241.5609999999997
3260.472
3292.139
3313.056
3449.332
3450.6169999999997
3499.542
3506.341
3553.29
3590.515
3590.239
3593.94
3768.509
3770.7470000000003
3769.796
3791.6240000000003
3824.241
3858.234
3917.176
3928.363
4241.639
4262.405000000001
4275.519
4295.706
4327.856
4350.083
4503.1410000000005
4509.224999999999
4560.164000000001
4560.187
4593.12
4648.684
4655.557
4655.090999999999
4824.830999999999
4830.707
4828.058999999999
4848.449
4864.3099999999995
4895.965
4964.797
4967.331
5280.551
5295.345
5308.8
5330.504999999999
5360.984
5383.497
5555.917
5566.079000000001
5606.094
5606.466
5630.281
5706.571
5709.054
5712.606
5882.994
5886.47
5890.383
5897.95
5909.713
5931.51
6006.297
6006.509999999999
6353.963000000001
6373.243
6386.346
6421.081
6466.154
6482.964
6931.839
6976.320000000001
6989.352
7076.171
7106.16
7127.408
7130.398999999999
7135.758
7154.737
7178.349
7177.012000000001
7183.039
7198.382
7213.286
7223.559
7229.527
7451.1849999999995
7488.213
7513.228
7562.113
7580.103
7590.522
1930.93
1987.9279999999999
1991.454
2070.624
2125.731
2199.2400000000002
2203.138
2223.513
2283.175
2290.2870000000003
2318.644
2321.1400000000003
2323.048
2331.464
2330.917
2339.674
2456.9700000000003
2491.626
2515.292
2555.955
2585.202
2590.558
2982.786
3035.767
3036.744
3111.317
3176.446
3265.639
3264.867
3292.208
3334.616
3338.672
3406.7219999999998
3415.527
3416.88
3423.953
3431.142
3435.844
3497.6690000000003
3553.636
3574.271
3638.506
3650.765
3655.876
4025.9400000000005
4086.1910000000003
4090.0610000000006
4153.041
4240.691
4353.573
4354.594
4377.173
4412.683999999999
4419.406999999999
4559.027999999999
4585.785
4589.71
4604.888
4606.418
4663.57
4668.351000000001
4695.736
4716.441
4751.124
4768.077
5069.696000000001
5132.242
5132.259999999999
5194.758
5310.767
5755.9839999999995
5776.161
5824.893999999999
5849.5419999999995
5866.881
5851.474999999999
5880.442
5907.018
5969.952
5971.902
5971.883
5974.533
5973.048000000001
5985.945
5991.662
5996.533
6121.014
6190.544
6194.526
6232.478
6361.295
6814.2519999999995
6829.601000000001
6883.502
6951.226000000001
6983.348
6989.067999999999
6998.536
7007.384
7147.061
7166.981
7195.897999999999
7199.994000000001
7213.504999999999
7218.982999999999
7215.955
7230.675
7278.647999999999
7278.009
7289.88
7304.668000000001
7420.483
1838.476
1851.71
1897.147
1967.035
2020.4339999999997
2020.554
2038.312
2059.98
2162.959
2183.558
2265.396
2274.399
2281.984
2310.422
2311.826
2319.632
2349.212
2357.401
2361.323
2368.744
2434.991
2881.951
2896.98
2934.064
3017.935
3534.244
3592.702
3608.038
3636.771
3765.73
3766.1690000000003
3765.931
3795.587
3799.448
3790.475
3817.371
3815.777
3820.27
3856.159
3858.3500000000004
3834.9700000000003
3857.553
3963.339
3976.7290000000003
3992.77
4062.9350000000004
4593.320000000001
4651.735000000001
4729.112
4746.6939999999995
4849.977
5200.438
5236.303000000001
5297.545999999999
5330.9490000000005
5347.848
5364.696
5374.5560000000005
5380.909
5383.276000000001
5387.106
5391.102
5411.902999999999
5425.11
5427.961
5432.285
5430.032
5647.346
5760.776
5792.603
5814.226
6095.187
6253.491
6294.329000000001
6342.532
6509.098
6582.807
6588.707
6604.339999999999
6609.412
6624.802
6628.41
6639.910000000001
6634.2480000000005
6660.023
6661.9710000000005
6668.370999999999
6666.451999999999
6713.071
6814.456
6845.233
6861.571
7140.032999999999
7328.375999999999
7353.114
1360.787
1520.257
1593.7030000000002
1601.107
1624.585
1626.752
1667.879
1670.625
1698.6589999999999
1727.3419999999999
1738.712
1754.243
1760.17
1764.5310000000002
1764.7630000000001
1813.906
1846.3
1860.904
2148.045
2341.17
2357.0009999999997
2399.022
2560.406
2834.108
2882.538
2896.245
2907.9739999999997
2936.301
2938.825
2946.8990000000003
2947.922
2963.451
2967.834
2969.924
2970.844
2975.358
2982.736
2987.651
2993.538
3188.924
3385.409
3399.711
3433.042
3598.078
3872.9
3925.014
3943.765
3961.6349999999998
4050.178
4216.838
4260.809
4270.1089999999995
4283.0019999999995
4304.68
4316.225
4344.416
4354.045
4353.018999999999
4359.355
4361.809
4376.348
4445.9039999999995
4459.446
4483.755999999999
4634.957
4908.612
4964.138
4987.159000000001
5001.801
5198.155
5255.025
5325.155
5325.671
5332.081999999999
5364.343
5375.426
5402.279
5438.51
5447.756
5453.52
5453.298
5459.308
5491.194
5502.63
5522.572
5674.396
5940.155
6005.465
6028.684
6046.582
6232.883
6291.823
6376.846
6382.469
6384.210999999999
6416.737999999999
6426.211
6441.289000000001
6489.860000000001
6501.543
6523.106000000001
6541.372
6546.883
6562.973
6566.674
6580.897
6709.225
6989.248
7043.3550000000005
7077.7080000000005
7093.914
7274.129
1298.312
1399.298
1402.646
1405.5539999999999
1438.7350000000001
1450.2250000000001
1455.245
1503.356
1512.3690000000001
1533.6570000000002
1559.316
1568.779
1599.355
1604.363
1612.192
1759.93
2009.3239999999998
2065.66
2118.572
2120.5080000000003
2285.978
2333.886
2516.331
2530.05
2529.7239999999997
2564.777
2561.196
2569.6620000000003
2585.4689999999996
2610.221
2632.511
2642.915
2685.029
2685.597
2700.784
2826.939
3063.2329999999997
3260.1650000000004
3277.744
3281.256
3332.179
3398.134
3618.055
3733.232
3738.98
3944.333
4043.805
4087.3379999999997
4136.253
4149.989
4172.079
4193.251
4200.103999999999
4203.496
4207.319
4211.898
4227.588
4357.878000000001
4359.460999999999
4374.332
4394.617
4450.406
4728.893
4797.081999999999
4823.343000000001
5016.6849999999995
5104.377
5137.603
5201.871
5216.292
5236.326
5275.455
5301.254
5327.769
5331.612
5332.188
5332.715
5418.701
5421.336
5437.357000000001
5458.708
5501.638
5768.735000000001
5834.504
5871.139999999999
6060.914000000001
6142.584
6171.52
6259.041
6268.184
6283.178999999999
6315.083
6345.347000000001
6398.218
6403.598
6406.322
6406.27
6476.880999999999
6480.556
6498.316
6511.419
6552.9130000000005
6813.073
6885.76
6917.573
7257.728
7265.345
7265.656
7358.223
7395.505
7452.108
7455.089
7507.999
7599.529
7894.106
7974.7300000000005
8074.344
8143.2339999999995
8167.448
8188.523999999999
8191.692
8241.529999999999
8241.002
8242.521999999999
8260.311
8331.896
8358.37
8365.287
8407.534
8454.009
8521.519
8528.775
8590.729
2889.172
3064.922
3122.8889999999997
3150.6569999999997
3176.234
3200.974
3241.105
3243.9990000000003
3342.0950000000003
3348.779
3365.742
3373.228
3417.279
3427.608
3428.432
3443.69
3473.817
3542.036
3560.901
3609.33
3937.928
4160.997
4175.194
4197.1720000000005
4232.938
4302.152999999999
4351.081
4353.283
4421.627
4425.903
4442.897
4447.056
4517.869
4526.946
4528.308
4544.863
4557.204
4712.093999999999
4730.344
4731.187
5009.976
5543.121
5554.949
5574.032
5591.519
5595.525000000001
5606.232999999999
5608.82
5629.374000000001
5639.494
5656.112
5674.330999999999
5690.349999999999
5693.5599999999995
5701.447
5708.026
5712.191
5917.22
5934.8640000000005
5941.434
6062.978
6598.201999999999
6614.9310000000005
6640.233
6719.067
6723.153
6745.195
6743.317
6772.032
6799.839999999999
6850.545999999999
6860.575
6865.931
6891.0470000000005
6893.44
6896.6849999999995
6897.947
7001.717000000001
7014.261
7024.776
7111.406
7663.29
7673.317
7689.824
7786.043000000001
7813.2210000000005
7841.531
7845.5380000000005
7855.0199999999995
7872.917
7899.064
7931.126
7951.281
7978.189
7991.782999999999
8005.110999999999
8012.684
8066.909000000001
8094.773
8119.204
8157.665
1675.316
1677.022
1681.732
1761.468
1786.724
1858.3609999999999
1856.5179999999998
1876.88
1883.398
1910.5520000000001
1921.099
1937.634
1973.708
2003.802
2022.749
2022.929
2072.426
2089.895
2106.871
2133.171
2736.259
2737.054
2738.455
2799.642
2844.709
2938.496
2945.354
2974.413
2975.801
2995.187
3004.849
3024.099
3050.346
3096.38
3101.731
3107.51
3127.522
3145.119
3160.159
3174.9649999999997
3858.1859999999997
3901.5460000000003
3906.371
3932.7999999999997
3932.118
4039.8709999999996
4075.767
4247.028
4248.331
4257.036
4286.514999999999
4335.975
4338.46
4367.9259999999995
4374.74
4364.339
4386.4929999999995
4387.540999999999
4388.745
4399.456
4919.2660000000005
4950.156
4963.0
5000.342
5004.2970000000005
5108.752
5135.218
5312.4039999999995
5321.518
5319.314
5340.2029999999995
5389.518
5388.752
5430.302000000001
5528.9929999999995
5532.746999999999
5547.117
5553.5740000000005
5557.894
5567.192999999999
6038.142
6086.208
6101.971
6103.362
6111.396
6165.979
6184.338000000001
6394.295999999999
6560.0199999999995
6788.108
6926.906
6953.29
6945.107
6974.282999999999
6990.211
6988.145
7014.485
7007.739
7018.958
7277.705
7352.29
7385.142
7395.388
7389.63
7405.134999999999
7415.527
7687.192999999999
1757.2920000000001
1807.033
2125.939
2176.0769999999998
2186.5130000000004
2189.768
2204.528
2213.144
2215.935
2221.214
2220.236
2320.9849999999997
2357.803
2405.943
2437.6000000000004
2440.804
2443.782
2448.5229999999997
2692.387
2794.6499999999996
2852.96
3170.2729999999997
3227.797
3258.219
3311.6020000000003
3313.311
3311.8059999999996
3333.222
3346.1859999999997
3355.2749999999996
3385.6389999999997
3403.8309999999997
3462.112
3519.812
3533.4500000000003
3537.058
3537.9700000000003
3731.496
3830.273
3891.938
4215.784000000001
4270.945000000001
4297.599
4377.227000000001
4392.923
4408.08
4439.139
4442.108
4451.189
4461.589
4469.506
4502.971
4563.768
4595.348999999999
4595.86
4598.389
4780.052000000001
4873.506
4967.761
5259.928000000001
5357.630999999999
5374.49
5565.756
5664.199
5708.502
5812.621
5884.712
5888.054999999999
5888.563999999999
5900.527
5947.727000000001
5954.026
5990.687
5990.155
6027.772
6060.345
6072.558
6082.366
6497.244000000001
6506.521000000001
6523.789
6623.389999999999
7713.515
7791.342000000001
8573.528
8630.305999999999
8795.083999999999
8886.689
8899.875
8900.659
8925.863
8934.426
8935.344000000001
8937.749
8944.473
8948.689999999999
8970.679
8968.487
8981.655999999999
9006.011
9008.375
9051.107
9059.433
3597.616
3707.959
4290.624
4400.279
4419.371
4468.858
4568.714
4616.857000000001
4626.013000000001
4642.773
4646.969
4683.471
4676.0599999999995
4683.11
4684.2519999999995
4684.803
4692.46
4691.117
4696.782
4760.209
4870.790999999999
5362.655
5456.924
5478.934
5658.062
5679.8820000000005
5740.953
6180.244
6187.247
6219.692
6226.907999999999
6224.103
6228.141
6241.144
6273.1539999999995
6284.331
6288.5960000000005
6312.182
6313.907
6317.09
6424.336
6514.603
6531.228999999999
6704.883
6728.7660000000005
6797.1849999999995
7228.32
7237.253
7280.424
7291.847
7295.755
7309.974999999999
7323.558
7357.33
7380.149
7400.819
7643.829000000001
7666.991
7668.6759999999995
7694.24
7704.34
7707.184
7772.478999999999
7790.358
7844.632
8274.330000000002
8278.308
8323.195
8360.115
8373.143
8378.097
8384.091
8411.176
8635.705
8647.302
8776.253999999999
8883.443
8944.802
8956.621000000001
8958.273000000001
8963.858
8976.722
8996.148
9003.104000000001
1593.9479999999999
1593.697
1646.876
1737.678
1815.974
1819.733
1824.682
1827.079
1964.887
1975.619
2107.6440000000002
2223.869
2352.296
2397.26
2411.7090000000003
2449.643
2453.0280000000002
2460.554
2443.5190000000002
2664.775
2666.298
2700.852
2824.7290000000003
2911.661
2916.4210000000003
2916.9049999999997
2925.0919999999996
3028.908
3041.4500000000003
3167.211
3273.242
3402.24
3453.413
3470.556
3525.903
3527.0679999999998
3537.077
3546.603
3752.249
3751.166
3775.783
3867.081
3991.511
3997.134
4000.2870000000003
4001.215
4078.74
4091.1929999999998
4208.401
4337.642
4441.215
4501.646
4521.2789999999995
4588.127
4610.3730000000005
4621.478
4621.482
4811.415
4815.718000000001
4824.008
4902.793
5045.54
5053.707
5076.045
5077.211
5126.931
5136.6810000000005
5268.101
5428.2029999999995
5499.58
5573.787
5592.817
5698.705
5717.81
5730.458
5888.25
5891.789
5895.428
5944.803
6206.778
6217.701
6229.625
6238.2390000000005
6246.826999999999
6254.113
6314.396000000001
6581.729
6595.045
6639.635
6648.495
6815.1140000000005
6821.111
6833.107
6954.409
6957.295
6965.264
6988.682
7266.121
7353.0470000000005
7354.130999999999
7355.704000000001
7394.485000000001
7394.209
7410.389999999999
1603.589
1614.6370000000002
1651.094
1664.725
1855.0439999999999
1856.009
1861.569
1976.132
1988.176
2000.437
2009.4439999999997
2272.261
2376.573
2381.394
2382.918
2425.254
2428.036
2435.5570000000002
2671.5620000000004
2689.518
2723.873
2725.1569999999997
2921.363
2929.193
2930.438
3027.248
3055.973
3068.3959999999997
3078.199
3311.649
3443.971
3452.5260000000003
3454.2419999999997
3502.194
3509.2110000000002
3511.431
3807.0620000000004
3806.756
3842.553
3845.308
3999.66
4015.1279999999997
4015.961
4247.796
4256.931
4261.905
4263.879
4359.37
4549.674000000001
4552.392
4566.322
4597.795
4604.056
4605.259
4887.557
4900.673000000001
4916.888
4916.515
5058.003000000001
5087.9890000000005
5182.85
5315.732
5331.128
5336.08
5341.274
5399.612
5607.782
5615.534000000001
5614.893
5650.432000000001
5657.504
5657.304
5960.696000000001
5963.646
5989.307
5984.72
6446.176
6592.43
6618.451
6624.227999999999
6632.152999999999
6632.42
6644.519
6656.784
6742.968
6764.357999999999
6759.483
6770.223
6772.423
6783.974
7015.1849999999995
7038.799
7057.048
7061.041
7515.161
7664.553
7769.621
7799.041
7857.6269999999995
7863.632
7860.315
7866.968
7961.234
7961.928
8005.789999999999
8015.1230000000005
8026.477999999999
8035.674
8187.949
8283.364000000001
8315.377
8333.706
2428.5950000000003
2576.674
2685.6
2709.797
2808.8039999999996
2811.9649999999997
2819.1929999999998
2820.147
2891.1859999999997
2894.123
2945.463
2945.179
2971.48
2972.283
3172.667
3194.353
3268.395
3300.333
3511.497
3629.13
3740.933
3760.812
3889.697
3893.1969999999997
3906.8740000000003
3909.928
3967.3289999999997
3968.467
4013.573
4023.1440000000002
4041.727
4044.5979999999995
4224.334
4247.174
4322.355
4361.996999999999
4559.295999999999
4670.531999999999
4781.37
4793.573
4933.267
4937.621
4958.931
4966.601
5011.649
5014.528
5054.927000000001
5067.160999999999
5088.429
5091.157
5289.570000000001
5291.945
5365.692
5412.568
5592.3369999999995
5699.01
5822.282
5830.609
5978.281
5980.512
5996.936
6006.522
6053.784000000001
6053.696000000001
6093.06
6107.78
6132.687
6135.733
6342.043000000001
6345.946
6414.382
6475.29
6637.458
6749.055
6868.636
6874.174
7045.115
7044.995
7066.668
7068.008
7103.073
7110.947
7144.9800000000005
7154.775
7181.033
7186.463
7422.539000000001
7429.646
7485.375999999999
7528.726
7685.011
1467.506
1594.798
1597.149
1771.6670000000001
1773.79
1792.9170000000001
1794.954
1831.216
1831.866
1864.866
1875.472
1905.036
1906.8449999999998
2167.8030000000003
2171.545
2203.54
2247.4759999999997
2413.871
2507.2019999999998
2644.702
2647.253
2812.578
2836.249
2839.9390000000003
2874.631
2874.557
2917.64
2937.473
2960.351
2960.63
3240.597
3249.451
3308.828
3337.008
3462.868
3718.634
3726.753
3737.242
3862.536
3912.8720000000003
3919.136
3982.04
3989.8889999999997
4032.0429999999997
4063.1110000000003
4068.325
4073.3300000000004
4298.414
4326.652
4379.06
4388.3640000000005
4511.26
4780.84
4787.973
4801.668000000001
4913.6759999999995
4979.643
4992.668
5035.031
5065.189
5128.527
5163.939
5171.88
5175.516
5342.939
5392.632
5426.984
5435.43
5558.897
5863.789
5863.162
5869.812
5959.3769999999995
6034.468000000001
6045.755
6077.664000000001
6119.912
6177.978999999999
6241.723
6254.302
6260.844
6413.134999999999
6438.853
6469.704
6484.744
6596.74
6934.362
6934.6449999999995
6935.581
6997.004
7095.854
7126.561
7145.821
7177.866
7249.061000000001
7310.3369999999995
7342.27
7351.652999999999
7470.856000000001
7496.049
7549.695
7566.99
1603.138
1968.589
1979.6970000000001
1978.335
2017.0180000000003
2108.5660000000003
2141.889
2155.222
2190.254
2254.4230000000002
2323.036
2365.867
2368.915
2546.783
2553.143
2560.449
2577.576
2639.092
3033.818
3039.969
3049.8720000000003
3060.548
3143.561
3177.783
3191.395
3245.155
3289.737
3373.0829999999996
3515.7799999999997
3526.2
3597.766
3611.036
3614.293
3625.032
3679.472
4096.277
4102.556
4103.360000000001
4112.482
4174.226
4210.013
4226.353999999999
4286.84
4341.447999999999
4420.927
4561.496
4571.828
4636.342
4667.266
4673.289
4678.899
4720.01
5184.198
5192.455
5198.6939999999995
5203.089
5220.062000000001
5262.092
5287.008
5325.897
5380.153
5470.107
5683.088
5676.302
6019.116
6061.116
6090.188999999999
6105.756
6108.87
6401.183
6447.05
6462.857
6466.439
6474.204000000001
6491.751
6493.294
6518.033
6520.119000000001
6547.09
6759.777
6760.710999999999
7161.401
7178.377
7200.227
7223.253
7225.114
7805.295
7816.817999999999
7825.9220000000005
7855.945000000001
7878.218000000001
7879.679999999999
7903.973
7932.625
7935.027
7951.545999999999
7987.267
7997.3150000000005
2267.2270000000003
2268.8709999999996
2289.67
2304.609
2305.215
2828.685
2841.4739999999997
2844.024
2917.456
2980.594
3016.677
3092.062
3120.596
3129.179
3133.488
3135.337
3147.964
3340.952
3363.3160000000003
3399.717
3403.975
3417.103
3888.577
3914.598
3919.283
3975.319
4039.859
4083.3830000000003
4191.706
4236.898
4252.893
4262.553
4269.457
4275.406
4415.880999999999
4418.116
4463.636
4462.29
4474.728
4937.5689999999995
4958.663
4958.856
5011.53
5079.624
5123.2
5239.243
5303.116
5336.162
5349.424
5352.851000000001
5356.843
5459.825000000001
5463.276
5524.553
5524.759999999999
5539.434
5978.063999999999
6004.228
6006.191000000001
6048.297
6124.987
6173.872
6284.583
6464.784
6568.732
6580.673
6599.133
6609.593
6629.562
6637.0740000000005
6648.815
6660.166
7030.773
7060.063
7057.820000000001
7102.552000000001
7175.541
7232.632
7336.585999999999
1513.43
1575.559
1575.802
1659.368
1705.031
1707.774
1707.137
1707.47
1716.272
2034.5919999999999
2062.971
2063.0950000000003
2093.4680000000003
2165.5730000000003
2223.69
2350.232
2548.829
2644.547
2645.79
2701.46
2785.4930000000004
2787.216
2795.7980000000002
2799.556
2812.4669999999996
3087.842
3126.107
3128.574
3151.052
3207.525
3270.36
3399.03
3588.346
3698.642
3701.091
3745.022
3882.772
3894.899
3899.973
3896.51
3897.012
4140.026
4193.33
4193.606
4210.218
4258.419
4332.14
4590.8369999999995
4634.778
4759.735
4760.853
4793.353
4932.9169999999995
4992.232
5011.715
5018.218
5020.1900000000005
5439.650000000001
5468.163
5467.616999999999
5471.828
5484.308
5486.531
5646.352
5707.885
5817.548000000001
5831.68
5854.486
5969.2660000000005
6031.67
6093.294
6094.228
6101.122
6484.56
6546.776000000001
6550.155
6565.572
6567.554
6568.152
6706.467
6759.286
6866.275
6903.448
6911.701
7014.371999999999
7099.911
7167.416
7173.994000000001
7180.005999999999
1484.123
1555.138
1563.985
1596.156
1599.741
1606.894
1723.444
1764.0929999999998
1873.608
1904.3380000000002
1912.337
2013.5519999999997
2097.529
2175.2189999999996
2186.0719999999997
2186.988
2527.971
2605.538
2610.725
2659.299
2664.876
2667.669
2761.054
2803.996
2909.669
2945.069
2954.62
3062.065
3144.974
3240.093
3254.039
3257.617
3570.783
3674.761
3677.183
3719.027
3732.6800000000003
3749.85
3798.311
3846.447
3952.8599999999997
3986.9539999999997
4010.6890000000003
4106.998
4182.984
4281.465
4313.88
4318.272999999999
4621.478
4723.194
4728.094999999999
4776.503
4793.545
4803.007
4834.697
4885.872
4986.675
5032.715999999999
5059.439
5139.984
5216.29
5316.628
5356.435
5359.504
5661.000999999999
5767.054
5780.259
5829.2609999999995
5855.741
5864.469
5939.057
6463.811
6469.331
6488.86
6522.494
6529.686
6530.559
6542.258000000001
6549.812
6552.781999999999
1706.5040000000001
1848.981
1864.368
1889.798
1900.795
1916.229
2354.0420000000004
2495.462
2497.794
2564.176
2702.813
2709.906
2708.456
2726.985
2733.976
2738.6020000000003
2788.402
2917.7889999999998
2925.669
2964.1980000000003
2975.597
2994.047
3401.417
3565.131
3565.88
3632.6360000000004
3951.385
3986.628
3996.494
4004.528
4024.6630000000005
4044.569
4080.3330000000005
4113.143
4131.143
4137.104
4142.195
4152.646
4453.407999999999
4625.6
4628.896
4669.925
5000.139
5060.514
5078.236000000001
5101.929
5106.638
5108.067
5128.264999999999
5152.583
5198.928000000001
5204.231
5211.956
5223.96
5508.476
5728.3949999999995
5729.2480000000005
5746.465999999999
6047.522
6107.464
6129.385
6170.456999999999
6171.508
6179.722
6195.108
6200.661
6263.004
6297.416
6298.845
6302.575
6559.925
6792.001
6803.053
6819.916
7092.088000000001
7149.515
7173.012
7260.469
7314.001
7318.564
7342.092
7363.834
7398.851
7429.395
7430.949
7433.77
7622.759
1625.3359999999998
1645.856
1646.544
1908.1399999999999
1966.6589999999999
1989.652
2089.7000000000003
2150.08
2157.956
2180.06
2194.179
2229.645
2278.743
2291.23
2293.6839999999997
2441.1299999999997
2665.6209999999996
2703.64
2711.8869999999997
2951.027
3009.58
3039.379
3133.037
3220.3140000000003
3258.478
3255.44
3275.794
3305.482
3359.09
3373.317
3378.349
3479.949
3798.4680000000003
3812.4500000000003
3817.7509999999997
3998.156
4162.287
4168.29
4185.574
4266.004
4319.903
4320.087
4330.151
4366.205
4402.3279999999995
4427.997
4433.208
4515.149
4840.197
4853.956
4860.15
5152.637000000001
5204.380999999999
5204.063
5223.378000000001
5303.446
5369.237
5370.917
5377.994000000001
5407.828
5447.114
5495.94
5498.619
5554.205
5882.282
5892.706
5899.135
6193.222
6245.538
6245.911999999999
6264.789000000001
6335.92
6418.183
6422.722000000001
6424.463000000001
6451.895
6483.952
6541.498
6543.331
6590.025
6936.634
6940.6939999999995
6940.767
7251.012000000001
7328.7029999999995
7329.94
7331.353
7380.303
7514.009
7535.295
7543.865000000001
7566.353
7577.155000000001
7631.389
7634.628000000001
7653.727
1930.595
1936.51
1936.479
2188.456
2285.598
2293.49
2297.141
2322.203
2447.5280000000002
2474.0
2493.8199999999997
2510.253
2523.631
2580.889
2580.783
2602.058
2986.6169999999997
2992.52
2997.563
3236.244
3344.188
3384.2850000000003
3382.091
3389.998
3496.438
3523.661
3543.725
3563.989
3569.82
3645.123
3651.8030000000003
3659.122
4065.638
4071.626
4074.219
4281.143
4408.41
4466.938
4474.231
4475.5
4545.518
4569.283
4622.308999999999
4644.026
4647.336
4702.576
4728.695
4727.56
5123.499
5126.309
5128.542
5332.658
5454.726
5519.644
5533.996
5534.573
5583.8640000000005
5625.746999999999
5682.569
5705.017
5705.1720000000005
5753.473
5775.283
5781.046
6186.747
6191.054
6190.858
6386.058
6500.548
6601.467000000001
6608.773
6615.6230000000005
6634.442
6694.325
6744.183
6770.603
6783.133000000001
6828.058
6860.499
6864.339
7283.1939999999995
7285.9220000000005
7287.782
7725.2080000000005
7881.322
7893.3330000000005
1868.0639999999999
1873.749
1901.124
1907.508
1906.836
1913.8429999999998
1926.637
1928.1090000000002
1944.255
1944.925
2328.405
2334.998
2337.2470000000003
2763.7070000000003
2897.4950000000003
2943.6040000000003
2976.13
2992.0550000000003
3033.131
3055.223
3091.38
3093.1769999999997
3101.741
3103.3050000000003
3108.996
3417.484
3431.59
3444.871
3811.375
3955.721
3997.336
4031.3369999999995
4056.44
4086.0469999999996
4105.076
4166.204
4189.878000000001
4197.978
4203.068
4206.082
4499.778
4514.5650000000005
4519.795
4856.208
5004.61
5068.900000000001
5104.103
5107.726000000001
5130.49
5151.385
5213.111
5250.363
5256.989
5268.4
5270.965999999999
5560.779
5588.169
5587.9310000000005
5899.887
6048.397
6119.778
6169.352
6170.428
6194.373
6213.7339999999995
6264.4580000000005
6472.028
6471.8460000000005
6508.286
6512.83
6617.722
6678.581
6679.418
6948.43
7104.527
7182.366
7266.148
7287.874000000001
7318.376
7335.8730000000005
7371.303
7552.375
7568.264
7604.317
7604.941
1632.867
1720.083
1720.464
1962.316
2321.9590000000003
2380.207
2429.504
2436.9049999999997
2455.016
2458.357
2459.087
2582.926
2595.542
2646.947
2643.2039999999997
2691.7369999999996
2789.034
2791.1679999999997
3001.921
3372.115
3418.429
3473.054
3496.31
3522.1800000000003
3525.1730000000002
3528.462
3627.999
3650.3230000000003
3695.616
3694.921
3734.483
3842.533
3851.581
4042.8810000000003
4426.831
4456.235000000001
4509.11
4531.946
4578.608
4583.066
4584.524
4675.0509999999995
4686.825
4738.245
4737.767
4775.075
4900.019
4899.89
5094.763999999999
5484.955
5510.446
5558.4800000000005
5586.997
5745.188
5764.272
5764.59
5902.284
5923.741
5976.646
5978.912
6009.907
6034.938999999999
6047.557000000001
6143.98
6531.615000000001
6551.369000000001
6604.053000000001
6625.869
6821.523
6833.929999999999
6836.005
6982.732999999999
6989.625
7038.5
7037.445
7088.415
7110.914
7116.606
7194.442
1545.635
1568.97
1612.2479999999998
1635.8919999999998
1859.454
1876.252
1876.9309999999998
1997.387
2012.1129999999998
2066.578
2068.282
2099.105
2132.2290000000003
2131.616
2342.861
2588.3940000000002
2611.914
2657.68
2673.233
2928.18
2941.3999999999996
2956.558
3038.605
3055.408
3105.931
3109.015
3135.634
3176.287
3176.7780000000002
3379.712
3641.8089999999997
3655.609
3689.6
3704.038
3987.251
3990.614
4024.94
4088.039
4105.514
4180.764
4183.3859999999995
4199.856
4233.196000000001
4233.517
4688.053
4736.183999999999
4736.268
4752.225
4762.931
5097.2210000000005
5101.545
5102.1539999999995
5146.993
5158.615
5664.531
5662.451
5684.633
5700.231
5704.972
5743.582
5830.262000000001
5831.203
5845.429
5854.33
6157.183
6158.773
6160.655000000001
6192.130999999999
6199.833
6856.922
6864.178
6906.387
6938.241
6939.3640000000005
6965.928
7036.671
7068.647
7075.222
7253.992
7269.36
7277.387
7295.568
7306.611
2108.223
2182.714
2203.917
2213.076
2236.401
2231.054
2225.7090000000003
2308.748
2311.578
2354.562
2389.131
2395.2749999999996
2397.739
2407.917
3174.386
3257.337
3319.083
3364.6699999999996
3472.6530000000002
3492.899
3519.7090000000003
3623.8
3645.2870000000003
3639.686
3660.744
3663.873
3664.957
3670.098
4235.325
4344.8640000000005
4462.9039999999995
4474.187
4594.744000000001
4614.023
4613.8769999999995
4694.387
4767.706999999999
4779.219
4805.245
4807.369
4807.021
4808.44
5278.875
5474.727
5513.116
5523.85
5640.041
5665.2480000000005
5665.965
5746.228999999999
5814.215
5826.856000000001
5874.307
5879.840999999999
5887.149
5890.08
6315.416
6525.747
6570.363
6579.547
6686.527
6925.55
6944.771000000001
7048.851
7052.883
7071.894
7086.163
7092.4310000000005
7103.046
7085.623
7366.815
1481.284
1522.989
1530.494
1638.558
1898.058
1899.5439999999999
2003.5310000000002
2012.54
2033.2259999999999
2075.615
2081.488
2098.116
2100.226
2315.1820000000002
2526.913
2621.0110000000004
2650.7670000000003
2692.3050000000003
2952.125
2952.591
3061.2050000000004
3089.89
3122.148
3183.938
3178.785
3327.846
3344.246
3380.584
3575.91
3676.586
3702.2309999999998
3737.039
4138.353999999999
4144.688999999999
4164.049
4171.92
4190.768
4292.889999999999
4355.960999999999
4399.12
4408.447
4432.881
4777.939
4782.714
4791.444
4799.782
5212.111
5246.776
5249.961
5258.429999999999
5274.217000000001
5359.012
5393.686
5452.048
5462.18
5485.559
5853.093999999999
5865.914
5869.504
5870.014
6258.618
6305.919
6309.607
6330.956999999999
6344.571
6395.015
6429.155
6505.599
6507.923
6533.791
6944.935
6950.433
6949.955
6953.36
1231.024
1294.83
1296.45
1323.2269999999999
1328.518
1361.316
1393.822
1483.5339999999999
1483.941
1515.8290000000002
1939.819
1953.551
1956.835
1958.431
2270.498
2373.4739999999997
2386.076
2400.276
2398.762
2427.2200000000003
2459.017
2539.1330000000003
2540.819
2562.84
3011.327
3034.846
3035.232
3039.13
3312.229
3422.4480000000003
3446.163
3460.259
3461.541
3490.5910000000003
3648.1569999999997
3670.022
3678.042
3680.429
4079.4490000000005
4093.726
4097.369
4105.554
4349.253
4457.657
4485.4039999999995
4509.0380000000005
4511.498
4633.911999999999
4693.226000000001
4739.785000000001
4742.088
4751.04
5125.217000000001
5157.72
5160.016
5159.66
5398.215999999999
5489.429
5519.429
5553.599
5554.784
5674.4349999999995
5738.2970000000005
5796.102999999999
5794.432
5803.456
6183.431
6246.724
6247.696
6246.090999999999
6451.036
6536.468
6568.417
6639.6449999999995
6641.278
6756.945
6786.653
6868.0
6874.734
6878.366
7270.422
7399.7339999999995
7417.335999999999
7426.206999999999
7531.990000000001
7619.917
7643.274
1790.5
1793.85
1813.851
1829.079
1913.6599999999999
1918.604
1923.1979999999999
2305.345
2451.383
2577.4159999999997
2591.337
2596.022
2723.499
2769.099
2884.651
2890.791
2899.294
2915.045
2995.2450000000003
3004.764
3004.7670000000003
3377.393
3538.303
3634.54
3657.436
3665.118
3862.173
3864.232
3947.4779999999996
3984.644
3986.5370000000003
3989.8720000000003
4059.1749999999997
4094.855
4099.15
4426.585
4598.974
4683.817
4713.705
4718.964
4919.035
4925.28
4999.2660000000005
5058.455
5063.505
5071.003
5110.098
5151.169000000001
5155.592000000001
5475.19
5644.061
5732.855
5776.451
5777.249000000001
5967.129
5966.712
6037.535
6115.243
6117.772999999999
6128.817
6188.018999999999
6332.309
6331.988
6530.281
6699.740000000001
6776.317
6834.517
6834.598
7019.851
7021.485000000001
7086.9619999999995
7210.267
7217.036
7223.471
7307.385
7389.342
7394.766
1531.506
1694.531
1762.634
1825.588
1827.127
2008.168
2009.4690000000003
2066.183
2203.427
2212.205
2214.444
2288.7819999999997
2390.196
2393.22
2568.166
2740.791
2796.071
2865.501
2866.922
3053.225
3053.067
3096.947
3249.2839999999997
3259.1800000000003
3264.145
3453.926
3477.823
3478.172
3604.321
3792.312
3835.751
3908.215
3909.334
4090.274
4092.883
4126.743
4294.351
4303.612
4404.118
4492.929
4533.795999999999
4536.588
4640.166
4826.217
4874.393
4958.077
4962.566
5132.481000000001
5135.42
5165.892000000001
5335.110000000001
5344.855
5431.546
5545.269
5588.923000000001
5587.402
5682.1539999999995
5875.791
5913.716
6003.738
6003.859
6201.594
6205.301
6225.555
6392.331999999999
6389.824
6477.403
6601.184
6645.462
6645.732
6726.860000000001
6917.414
6950.652
7095.359
7094.750999999999
7331.557
7344.895
7352.072999999999
7472.258
7471.902
7548.938
7714.578
7751.984
7752.147
1750.528
1936.446
1963.3480000000002
2141.5969999999998
2142.37
2381.658
2381.666
2383.68
2496.336
2497.965
2581.554
2725.0800000000004
2779.382
2782.2369999999996
2794.411
2968.1639999999998
2993.375
3189.369
3191.1969999999997
3443.347
3444.496
3448.063
3543.788
3543.406
3631.6549999999997
3758.683
3969.576
3973.832
3976.9869999999996
4012.9429999999998
4039.5240000000003
4264.724
4262.919
4523.98
4527.115
4527.666
4610.54
4609.19
4679.666
4808.568
5024.851
5027.732999999999
5050.284000000001
5075.706
5089.139
5322.84
5322.245
5581.2119999999995
5593.683999999999
5594.45
5675.883
5720.052
5734.253
5852.084
6116.873
6119.272
6125.4039999999995
6141.384999999999
6149.585
6381.935
6385.8769999999995
7394.907
7393.563
7410.245
7415.577
7418.853
7432.624
7440.124
7438.642
7467.301
7474.363
7486.936
7499.745
7523.739
7526.243
2434.059
2455.092
2508.353
2615.516
2624.136
2632.466
2670.801
2718.996
2721.787
2728.501
2737.6839999999997
2739.3559999999998
2743.699
2745.5660000000003
4101.986
4148.2029999999995
4174.949
4250.166
4267.558
4298.777
4305.643
4306.081
4302.5650000000005
4318.829
4339.474
4339.358
4349.398
4355.349
5157.278
5263.759
5457.7609999999995
5692.808999999999
5749.014
5763.249
5751.031
5787.947
5795.6320000000005
5802.04
5798.185
5801.840999999999
5804.719999999999
5825.54
6199.704
6325.836
6598.734
6742.171
6826.762000000001
6835.108
6857.106
6914.798
6921.456
6914.7970000000005
6930.799999999999
6933.401
6945.832
6947.9220000000005
7246.317
1251.2749999999999
1543.6490000000001
1663.799
1751.825
1757.868
1776.5439999999999
1876.605
1900.59
1915.2169999999999
1917.843
1919.586
1920.846
1928.283
2191.182
2283.546
2597.818
2698.945
2790.848
2797.168
2818.667
2919.0550000000003
2949.641
3006.83
3012.8210000000004
3012.03
3020.879
3025.395
3233.727
3316.1800000000003
3631.763
3731.869
3851.538
3862.1690000000003
3869.9590000000003
3962.5840000000003
3992.2200000000003
4097.780000000001
4112.828
4117.982
4120.68
4126.131
4275.9349999999995
4356.714
4668.67
4769.3060000000005
4902.789000000001
4910.8150000000005
4913.942999999999
5000.648
5028.854
5149.665
5182.325
5189.802000000001
5194.882
5204.621999999999
5311.226
5398.909
5700.317
5802.032999999999
5944.143999999999
5954.267
5953.081
6032.25
6062.766
6502.065
6507.497
6527.477
6536.976000000001
6543.741
6541.238
6545.8949999999995
6784.308
6867.315
6994.816
7002.477
7013.421
7084.949
7110.354
1549.482
1567.045
1595.106
1615.817
1618.058
1623.736
1625.9950000000001
1804.423
1878.56
2009.28
2021.693
2035.2359999999999
2090.8869999999997
2112.9519999999998
2620.7129999999997
2642.0
2683.3680000000004
2709.9139999999998
2724.908
2722.5130000000004
2732.57
2856.4159999999997
2929.342
3121.301
3136.352
3139.9370000000004
3189.445
3194.5640000000003
3710.5190000000002
3683.563
3798.6879999999996
3820.773
3835.935
3841.978
3949.436
4004.669
4232.579000000001
4224.447999999999
4248.353
4296.505
4309.928
4856.463
4958.785
4965.4
4972.705
4838.383000000001
5092.0509999999995
4973.258000000001
5007.446
5318.570000000001
5328.251
5349.508
5378.421
5378.621
6467.3910000000005
6556.068
6594.271
6742.618
6750.401
6774.418
6798.116
6813.6630000000005
6813.458
6822.672
6828.066
6850.549
6851.7970000000005
1552.448
1687.845
1687.372
1786.8500000000001
1784.841
1808.7549999999999
1887.958
1899.4189999999999
1916.536
1929.047
1937.7740000000001
1941.944
1945.166
3354.925
3386.158
3403.998
3403.242
3413.821
3416.33
3423.226
3440.857
3459.007
3464.1099999999997
3472.04
3474.545
3471.156
4585.244000000001
4609.179
4611.182000000001
4613.118
4619.919000000001
4637.744
4651.092000000001
4661.937
4661.88
4671.363
4678.889
4744.646000000001
4747.593
5624.013
5682.561
5693.211
5695.826
5702.381
5753.9800000000005
5771.485000000001
5772.744000000001
5798.717
5800.562
5811.169
5828.735
5829.786999999999
6672.729
6749.446
6778.675
6784.893
6795.398999999999
6853.6089999999995
6882.695
6906.641
6934.084000000001
6941.974
6943.615000000001
6948.504
6948.584000000001
1604.902
1750.6470000000002
1895.1290000000001
1991.345
1991.77
2002.0289999999998
2002.744
2007.6900000000003
2011.209
2032.124
2035.427
2040.8990000000001
2058.921
2672.969
2825.1940000000004
2946.0449999999996
3127.2090000000003
3146.229
3153.2149999999997
3181.232
3180.556
3196.697
3196.212
3198.862
3204.325
3206.053
3725.702
3877.957
3982.3210000000004
4179.598999999999
4221.588
4220.6359999999995
4313.798000000001
4312.352
4341.463
4344.208
4351.89
4354.599
4354.849999999999
4775.402
4923.452
5012.64
5234.4400000000005
5272.2519999999995
5272.552
5372.692
5376.406
5432.698
5439.452
5443.947999999999
5457.274
5463.015
5827.835
5971.267
6074.175
6277.737
6351.077
6353.321
6437.109
6439.911999999999
6500.166
6527.748
6543.439
6552.186
6556.301
6899.26
7016.985
7133.229
7326.784
7489.438
7523.87
1518.0659999999998
1530.205
1556.387
1604.418
1607.759
1607.808
1612.4879999999998
1923.777
2041.932
2138.795
2329.079
2516.634
2541.639
2596.662
2594.061
2624.251
2690.756
2693.513
2699.681
2699.6310000000003
3196.9120000000003
3264.5930000000003
4296.687999999999
4549.912
4630.875
4634.718999999999
4642.3550000000005
4653.923
4644.071
4691.915
4729.208
4734.168000000001
4731.587
4766.008
5464.148
5679.2480000000005
5727.973999999999
5757.771
5787.559
5837.623
5871.473
5871.897
5874.516
5888.623
5898.128
5904.3640000000005
6523.438999999999
6758.041
6796.472
6840.681
6850.183999999999
6898.028
7029.3640000000005
7049.4890000000005
7039.677000000001
7073.883000000001
7117.962
7125.822999999999
7643.741999999999
7836.244
7874.037
7917.156
7939.616
7976.0
1971.929
2105.162
2135.8250000000003
2143.67
2147.237
2147.881
2560.1569999999997
2754.041
2793.2830000000004
2832.959
2858.7889999999998
2887.454
3024.686
3151.319
3233.0
3241.9139999999998
3246.365
3247.245
3617.794
3810.654
3848.77
3903.1530000000002
3926.65
3937.672
4082.519
4203.619
4329.825
4341.216
4343.384999999999
4348.318
4781.22
4978.749
4984.484
4999.022
5017.286999999999
5018.63
5126.579000000001
5257.412
5535.523
5537.834
5547.433
5552.006
5826.959000000001
6044.715
6047.969
6093.674
6104.344
6113.5960000000005
6169.435
6326.1089999999995
6621.62
6620.979
6620.463
6624.668
6866.856000000001
7108.369
7111.701
7177.945000000001
7180.269
7190.566
7222.317
7384.401000000001
1642.8400000000001
1643.194
1646.527
1645.6329999999998
1859.6680000000001
2140.369
2145.178
2193.381
2196.624
2206.147
2231.3830000000003
2381.7200000000003
2711.252
2721.397
2727.8920000000003
2728.1349999999998
2892.583
3198.397
3205.521
3251.9990000000003
3257.7560000000003
3268.321
3281.942
3418.198
3765.056
3786.436
3799.7019999999998
3801.907
3921.943
4251.562
4253.393
4302.015
4314.289
4322.196
4335.553
4452.8460000000005
4820.15
4848.669
4863.331999999999
4865.9710000000005
4956.921
5308.969
5311.565
5355.934
5381.888
5390.695
5393.631
5489.892
5865.074
5899.099999999999
5910.346
5911.5869999999995
5990.061
6366.925
6366.617
6399.012
6433.080999999999
6455.315
6455.943
6528.7119999999995
6904.569
6944.6269999999995
6957.607999999999
6957.595
7024.558
1357.076
1357.674
1381.6999999999998
1423.2830000000001
1446.167
1446.266
1508.751
1890.666
1944.243
1958.5529999999999
1958.955
2024.845
2432.196
2438.415
2439.359
2467.8019999999997
2498.922
2498.446
2544.917
2933.708
2986.8990000000003
3002.6459999999997
3006.439
3074.4120000000003
3496.784
3504.625
3507.73
3519.87
3541.157
3542.522
3581.647
4041.741
4068.721
4085.0540000000005
4124.464
4648.238
4689.3640000000005
4689.715999999999
4695.476000000001
4702.566
4704.924
4714.187
5107.414000000001
5130.456999999999
5150.280000000001
5178.513
5708.887
5796.747
5797.223
5822.051
5825.610000000001
5828.723
5831.689
6181.786
6199.906999999999
6219.401000000001
6229.918
6754.011
6933.942
6950.155
6966.687
6979.872
6981.318
6987.095
7363.673000000001
7387.876
7405.954000000001
7414.826
1769.3609999999999
1965.838
1980.731
2019.9410000000003
2045.086
2069.531
2079.46
2405.922
2427.7479999999996
2447.201
2448.589
2819.248
3370.6589999999997
3397.525
3400.368
3401.516
3408.903
3414.5690000000004
3467.6330000000003
3516.715
3536.226
3541.73
3894.5
4416.075
4500.329
4498.116
4519.632
4528.249
4539.1269999999995
4545.168000000001
4594.719
4598.0160000000005
4600.883
4938.525000000001
5466.762
5544.451
5548.505999999999
5569.6050000000005
5586.914
5590.4619999999995
5595.352
5681.6230000000005
5688.545
5692.099
5976.434
6513.897
6595.853
6598.188999999999
6614.453
6644.54
6646.494
6644.66
6747.018
6753.948
6761.584
7011.3589999999995
1535.9270000000001
1616.4
1621.528
1631.616
1674.5829999999999
1675.3690000000001
1677.042
1783.366
1789.276
1795.536
2026.736
2580.661
2676.607
2675.325
2687.9230000000002
2741.5029999999997
2768.231
2766.9359999999997
2844.272
2850.1569999999997
2858.0040000000004
3080.693
3622.337
3726.4970000000003
3730.3540000000003
3734.14
3824.2639999999997
3842.531
3841.7729999999997
3916.732
3914.278
3922.623
4122.014
4672.296
4784.146
4783.328
4786.802
4895.188
4971.635
5000.332
5042.776
5054.294
5055.668
5171.3820000000005
5713.285
5843.951
5846.005
5854.676
5957.132
6048.596
6051.643
6100.19
6116.174
6117.428
6210.192
6768.409000000001
6890.282
6903.461
6910.777999999999
6995.384999999999
7227.387000000001
7262.406
7270.789
7281.8189999999995
7286.031999999999
7308.927
1763.817
1897.347
1914.347
1914.097
2003.1080000000002
2226.345
2275.623
2288.208
2292.469
2314.504
2847.416
2965.864
3002.63
3007.772
3110.082
3277.464
3328.85
3364.0029999999997
3363.2599999999998
3374.5009999999997
3894.369
4057.271
4103.974
4112.16
4159.469
4323.362999999999
4374.332
4434.1410000000005
4432.352
4435.463000000001
4950.132
5119.6900000000005
5159.54
5170.696000000001
5203.265
5372.46
5412.218
5486.623
5493.145
5499.570000000001
6022.01
6492.623
6531.567
6594.363
6602.786
6639.446999999999
6652.718
6649.999
6672.393
6683.748
9147.993
9161.427
9244.707999999999
9335.301
9349.33
9343.777
9355.713
9351.65
9375.565
9377.611
4164.602999999999
4173.7789999999995
4470.2570000000005
4567.758000000001
4572.769
4576.590999999999
4586.464
4597.978999999999
4599.604
4599.559
5232.261
5232.092
5531.9890000000005
5654.028
5680.648
5685.902999999999
5704.360000000001
5703.9169999999995
5719.4890000000005
5724.454
6299.31
6299.629999999999
6583.166
6698.674
6744.527
6763.978
6805.0160000000005
6811.406
6810.84
6815.32
7358.31
7360.52
7634.251
7749.601000000001
7793.929
7820.768
7893.928
7902.622
7904.809
7916.289
8398.376
8399.421
8693.286
8790.936
8833.655
8860.309000000001
8966.673999999999
8976.749
8979.284
8992.169
9465.944
9467.1
9737.276
9835.875
1361.537
1389.6299999999999
1954.414
1963.9930000000002
1977.0259999999998
1980.704
2021.3359999999998
2024.3859999999997
2276.7580000000003
2373.2000000000003
2400.612
2534.549
2995.942
3007.2549999999997
3041.157
3047.3669999999997
3067.471
3074.149
3316.444
3413.995
3436.794
3574.1679999999997
4064.351
4082.076
4189.198
4175.968
4187.151
4196.799
4359.491
4453.777
4479.672
4612.282999999999
5109.392
5124.168
5304.391
5303.4169999999995
5308.598
5308.18
5397.295
5597.405
5601.05
5653.909
6189.842
6194.459
6384.637
6402.639
6400.599
6404.918000000001
6446.364
6665.012
6668.235000000001
6829.983
7265.881
7277.961
1433.832
1451.519
1452.655
1459.641
1476.3090000000002
1785.784
1786.489
1841.057
2297.842
2298.123
2500.7830000000004
2534.514
2545.17
2549.468
2556.773
2844.856
2845.451
2880.279
3416.1079999999997
3418.0009999999997
3549.705
3644.134
3660.81
3660.025
3664.199
3904.236
3906.268
3925.9680000000003
4515.025
4529.917
4609.776
5088.227
5116.265
5151.4
5187.687999999999
5206.222000000001
5205.49
5214.887
5580.429999999999
5600.646000000001
5676.83
6140.371
6170.5560000000005
6208.563
6272.027999999999
6305.847
6307.063
6307.639
6647.445000000001
6663.436
6717.111
7219.792
7242.454000000001
7272.673
7323.182
7412.614
7429.976
7428.4439999999995
1727.884
1734.701
1749.128
2234.078
2251.1169999999997
2277.034
2339.3579999999997
2504.862
2508.923
2514.024
2783.769
2804.5879999999997
2804.8250000000003
3269.167
3293.428
3305.549
3460.181
3556.483
3561.125
3560.609
3827.68
3859.307
3863.23
4312.032999999999
4340.143999999999
4363.905
4495.374
4826.548
4845.039
4846.255
4928.201
4937.0
4944.972
5360.113
5394.47
5403.231
5531.205
5876.836
5934.196
5937.102000000001
5988.626
6000.856
6002.4800000000005
6414.255
6443.141
6454.639
6572.644
6935.623
6979.340999999999
6979.995
7038.978
7057.945
7073.655
1431.49
1482.551
1488.6109999999999
1578.7169999999999
1936.201
1985.564
1985.814
2060.355
2083.6389999999997
2089.077
2477.855
2528.37
2530.703
2612.75
2990.6150000000002
3028.095
3032.15
3094.681
3131.71
3133.241
3530.7369999999996
3569.651
3572.619
3653.4849999999997
4035.3269999999998
4074.663
4129.822
4223.3
4242.666
4582.107
4627.37
4625.983
4729.78
5078.63
5109.902
5169.06
5297.683
5300.302000000001
5627.115
5709.468
5711.643
5771.813
6133.542
6150.316
6222.007
6362.02
6364.567
6665.4929999999995
6761.426
6766.641
6825.657999999999
7188.304999999999
7224.721
7277.903
1612.7469999999998
1614.447
1672.437
1784.728
1791.4099999999999
1839.3870000000002
2202.583
2238.7019999999998
2281.349
2656.1330000000003
2660.621
2708.368
2827.547
2827.162
2876.713
3252.263
3275.481
3312.971
3722.293
3724.863
3750.816
3880.005
3878.2999999999997
3919.4339999999997
4286.008
4310.601000000001
4348.968
4775.745
4779.616
4793.012
4930.322
4932.254000000001
4989.777
5370.851
5391.239
5409.744
5861.363
5864.05
5870.133
5989.489
5991.564
6046.374
6422.577
6454.255
6462.835
6938.728
6943.447
6946.32
7111.853
7129.632
7156.218
1422.26
1476.667
1476.79
1952.575
1956.05
1956.512
2105.715
2115.652
2166.2309999999998
2476.362
2531.408
2537.575
3011.196
3012.106
3017.15
3144.078
3151.607
3212.8779999999997
3521.7019999999998
3590.38
3602.826
4079.887
4091.9
4091.8020000000006
4180.584
4186.439
4248.113
4554.262
4634.206
4643.723
5135.799999999999
5146.3460000000005
5150.264
5227.16
5227.331999999999
5292.032
5842.44
5850.81
5862.827
6195.031
6206.889999999999
6207.719
6268.9310000000005
6273.664
6329.164
6922.179
6920.122
6937.077
7261.541
7294.512
7302.223
7353.385
7359.994000000001
7390.3
1928.934
1934.846
1948.07
2264.859
2299.525
2300.3900000000003
2346.196
2352.7459999999996
2379.57
2992.057
2997.166
3005.6
3308.023
3347.308
3349.2999999999997
3395.2
3401.219
3423.858
4074.9779999999996
4083.5660000000003
4086.3950000000004
4357.179
4405.753
4408.31
4458.75
4464.4529999999995
4482.643
5156.404
5170.741
5175.648
5409.25
5474.308
5479.268
5527.46
5527.376
5534.18
6206.756
6223.791
6228.7699999999995
6452.451
6520.164000000001
6521.143999999999
6636.543
6637.601
6642.592
1217.206
1236.9810000000002
1236.6399999999999
1460.1170000000002
1528.597
1530.038
1659.68
1659.8500000000001
1660.926
2257.559
2282.8309999999997
2284.926
2508.934
2572.128
2575.865
2704.308
2707.974
2709.25
3301.53
3321.922
3323.732
3601.2490000000003
4350.284000000001
4356.972
4362.939
4392.889
4403.64
4447.085999999999
4460.185
4461.522999999999
5083.286
5456.845
5461.443
5466.973999999999
5518.552
5554.072999999999
5569.913
5571.562
5570.831
6189.157
6543.505999999999
6564.591
6576.792
6607.9619999999995
6668.443
6679.181
6685.2210000000005
6694.839
7272.548
1557.096
1580.438
1592.969
1613.501
1665.276
1706.4859999999999
1707.259
1711.402
2272.098
2599.4860000000003
2617.5069999999996
2629.72
2645.247
2704.626
2760.535
2761.676
2765.7
3329.873
3651.709
3676.13
3687.714
3703.43
3742.02
3833.239
3841.334
3844.7110000000002
4394.138
4774.633
4785.111
4791.479
4796.325000000001
4817.056
4903.498
4909.19
4910.4580000000005
5439.365
5865.135
5865.875
5874.062
5877.404
5893.671
5951.952
5962.487
5963.915
6482.916
6957.97
6965.231
6966.931
6969.45
6972.683
7019.077
7022.8460000000005
7023.821
1478.3200000000002
2247.464
2302.877
2301.6679999999997
2303.025
2323.384
2331.158
2339.269
2354.051
2540.682
3300.5499999999997
3369.321
3385.26
3395.6620000000003
3429.438
3449.8340000000003
3451.244
3457.201
3577.368
4364.086
4408.299999999999
4440.149
4464.169
4499.187
4521.0109999999995
4525.446
4529.0160000000005
4611.023999999999
5403.742
5452.056
5475.7480000000005
5505.124000000001
5545.476
5590.909
5592.548
5595.266
5648.868
6447.405
6492.1720000000005
6516.534
6547.714
6738.963
6763.695000000001
6763.191
6776.224
6779.098
1404.3980000000001
1448.745
1476.595
1516.213
1698.7369999999999
1763.9089999999999
1763.9640000000002
1777.549
1777.93
2447.4300000000003
2492.715
2518.614
2563.9249999999997
2737.664
2822.298
2822.828
2831.1440000000002
2835.688
3485.061
3603.889
3631.549
3675.477
3778.89
3905.9469999999997
3906.357
3906.822
3909.567
4575.961
4672.27
4691.403
4721.376
4815.13
5017.177000000001
5026.943
5026.344
5027.298
5657.593999999999
5735.054
5773.365
5791.46
5858.552000000001
6201.3550000000005
6205.401
6206.143
6210.335
6700.122
6798.961
6842.309
6855.705999999999
6966.155
7307.924
7320.082
7331.359
1671.054
1756.6170000000002
1810.028
1883.257
1938.276
2266.23
2291.696
2292.948
2724.18
2819.384
2916.566
2940.417
2978.005
3329.62
3349.427
3351.25
3779.045
3859.7610000000004
3979.8849999999998
3994.4
4028.642
4553.421
4554.179999999999
4568.193
4839.763
4920.187999999999
5043.045
5058.205
5411.397
5673.0380000000005
5675.6089999999995
5676.235000000001
6111.693
6161.226
6182.693
6185.291
6487.357
6750.183
6768.214999999999
6770.514
7160.302
7197.503000000001
7228.097
7232.211
1245.241
1505.082
1531.904
1532.5919999999999
1922.112
1950.468
1982.401
1982.869
2296.6150000000002
2552.261
2574.49
2575.284
2974.564
2991.375
3032.7320000000004
3039.0730000000003
3343.788
3714.2019999999998
3722.2889999999998
3727.016
4043.214
4053.0480000000002
4075.7589999999996
4077.2640000000006
4410.024
4757.162
4769.56
4772.978
5108.768999999999
5138.992
5216.156
5224.0830000000005
5464.857
5820.46
5837.446
5835.037
6198.554999999999
6214.313
6274.289
6276.1449999999995
6512.465
6869.021
6885.811000000001
6885.492
7784.618
7812.792
7816.704
7820.182
7826.896
7959.842
7986.382
8000.762999999999
2802.2
2874.8300000000004
2866.795
2898.125
2905.9469999999997
3243.298
3247.297
3246.741
3851.5660000000003
3958.288
4086.9869999999996
4173.568
4176.095
4355.236
4357.095
4360.625
4912.35
5107.352
5478.048000000001
5680.831999999999
5657.790999999999
5848.264
5856.375
5862.538
5975.996999999999
6357.889
6604.399
6810.605
6814.119
6909.382
6931.187000000001
6935.432
7078.85
7435.333
1514.729
1751.116
1754.014
1813.939
1846.201
1849.164
1989.1680000000001
2340.692
2557.611
2801.586
2799.605
2854.617
2890.552
2891.2110000000002
3037.986
3381.91
3694.75
3871.7929999999997
3875.379
3907.817
3956.384
3958.705
4083.9679999999994
4445.161
4739.918000000001
4921.914
4922.628
4943.473
4998.441
5000.032
5129.574
5498.387
5791.2210000000005
5973.5
5979.504000000001
5990.572
6035.295999999999
6036.606
6165.494
6546.513
6852.695
7037.208
7038.508
7044.371
7103.326
7109.965
7220.2029999999995
1553.2930000000001
1849.2649999999999
2062.777
2064.8309999999997
2065.148
2110.177
2115.316
2214.744
2608.26
2887.676
3126.494
3127.618
3131.291
3173.273
3171.861
3251.7070000000003
3656.594
4015.8129999999996
4194.843
4201.788
4208.124
4234.02
4234.941
4287.089
4706.755
5052.512
5261.67
5267.21
5268.965999999999
5286.63
5288.567
5318.889999999999
5758.363
6086.7570000000005
6316.862999999999
6328.134
6333.6449999999995
6344.446
6347.004
6362.707
6796.353
7125.456
1340.346
1368.3600000000001
1377.029
1391.973
1397.3709999999999
1398.018
1808.879
2139.122
2385.469
2417.779
2438.507
2461.227
2474.912
2476.651
2857.663
3208.896
3461.514
3503.736
3529.807
3566.1369999999997
3567.808
3594.069
3938.153
4269.366
4528.936
4570.738
4586.126
4641.004
4644.853
4660.585
5011.497
5319.73
5585.587
5619.814
5634.41
5716.915
5718.311
5724.416
6086.698
6384.526
6634.3589999999995
6673.57
6687.0289999999995
6786.686000000001
6795.389
6794.964
7138.912
1499.098
1642.6860000000001
1685.208
1878.439
1911.721
1921.81
1923.8509999999999
2139.745
2539.753
2683.9010000000003
2846.0589999999997
2917.933
2953.249
2968.89
2969.97
3183.284
3592.643
3725.734
3886.628
3956.073
3991.475
4014.476
4013.7229999999995
4223.1810000000005
4638.264
4761.113
4922.25
4987.0650000000005
5022.942
5066.692
5075.189
5255.209
5673.6
5793.692
5976.458
6032.513
6084.6140000000005
6126.016
6131.369000000001
6401.43
6949.215999999999
6953.616
7019.491999999999
7091.865000000001
7154.014
7204.233
7217.022
1416.388
1981.824
1982.748
2028.501
2112.003
2165.68
2231.0080000000003
2242.791
2450.615
3027.895
3033.3779999999997
3067.6510000000003
3173.2580000000003
3206.959
3276.193
3288.618
3498.9849999999997
4067.693
4068.955
4101.005
4219.681
4242.185
4328.098
4338.795
4539.199
5128.639999999999
5129.29
5145.052
5267.1849999999995
5280.706999999999
5363.066
5377.311
5579.9839999999995
6193.896
6196.101
6200.766
6334.225
6339.942
6476.424
6629.605
7312.915
7336.567999999999
7332.687
7415.408
7417.842000000001
7535.593000000001
1626.104
2356.5710000000004
2358.26
2363.614
2421.878
2425.122
2534.527
2667.6760000000004
3444.959
3450.004
3465.143
3527.754
3534.413
3590.189
3721.504
4530.573
4536.441
4546.014
4591.284
4595.022
4642.579
4770.210999999999
5678.851
5686.978
5708.106
5721.103
5723.629
5744.413
5841.160000000001
6727.166
6740.164
6775.251
6793.538
6810.419
6826.572999999999
6890.874
1790.436
1835.803
1843.99
1844.077
1860.891
1860.875
1890.554
2840.688
2881.829
2891.1310000000003
2903.1310000000003
2925.801
2927.079
2942.805
3889.942
3918.0299999999997
3930.7949999999996
3941.279
3973.861
3977.022
3993.891
4948.018
4969.192
4987.148999999999
4995.901
5032.387
5042.402
5063.17
6006.515
6020.991
6036.3009999999995
6038.797
6071.416
6082.881
6103.847
7050.468000000001
7057.404
7108.009
7124.287
7166.612
7167.5560000000005
7186.066000000001
2068.414
2070.116
2106.9339999999997
2125.1890000000003
2184.9660000000003
2184.7129999999997
2206.376
3118.874
3120.9880000000003
3150.169
3164.469
3261.2999999999997
3263.022
3271.827
4293.819
4299.423
4348.023
4350.116
4381.4710000000005
4393.4490000000005
4399.804999999999
5353.039
5359.668
5411.034
5425.898
5466.825
5501.1359999999995
5492.371999999999
6411.161
6423.994000000001
6468.4929999999995
6477.911
6515.407
6570.418
6580.348
1352.069
1359.632
1404.2930000000001
1419.435
1451.716
1506.2009999999998
1519.508
2406.791
2410.615
2453.404
2466.96
2500.973
2563.292
2572.959
3479.662
3483.028
3515.497
3532.0209999999997
3562.076
3643.8269999999998
3642.764
4539.998
4544.825000000001
4570.089
4588.735
4609.098
4731.157999999999
4737.989
5845.525000000001
5869.511
5875.264999999999
5888.6630000000005
5893.396
5894.366
5894.1990000000005
6939.72
6967.633
6971.963
6997.287
7000.967000000001
7008.019
7007.488
1951.7830000000001
2228.991
2236.014
2284.8630000000003
2288.27
2289.101
2307.897
3005.3770000000004
3307.0119999999997
3318.678
3400.7999999999997
3414.325
3423.735
3428.954
4066.9519999999998
4378.371999999999
4379.5960000000005
4448.655
4458.9400000000005
4470.807
4481.865
5115.7919999999995
5429.178
5430.933999999999
5489.410000000001
5500.961
5523.541
5536.312
6429.926
6520.567
6526.091
6559.313999999999
6571.565
6587.438
6595.991
1463.6560000000002
1519.374
1525.097
1575.75
1581.255
1612.7549999999999
1616.573
2507.0280000000002
2588.643
2588.698
2664.413
2667.0440000000003
2692.0860000000002
2711.773
3556.916
3654.948
3659.051
3743.0310000000004
3754.546
3806.794
3808.424
4604.785
4717.2080000000005
4718.715999999999
4811.588000000001
4818.024
4860.127
4862.226
5650.407999999999
5773.194
5775.358
5857.422
5866.238
5914.415
5914.432
6703.461
6843.147
6849.218
6913.8060000000005
6916.774
6981.492
6979.373
1705.299
1869.529
1870.9
1928.983
1935.405
1984.026
1988.747
2842.7690000000002
3241.594
3248.933
3246.962
3251.4970000000003
3263.854
3268.231
3947.3129999999996
4376.072
4391.872
4415.588
4433.446
4438.029
4438.243
4992.248
5453.517
5471.457
5497.972
5501.391
5508.185
5515.413
6046.773
6503.638
6533.987
6619.277
6617.772000000001
6627.174
6640.454
7097.495999999999
1417.092
1444.692
1552.372
1559.363
1559.2520000000002
1563.223
1995.272
2458.2419999999997
2482.671
2610.9779999999996
2627.799
2630.518
2637.0879999999997
3183.707
3518.6000000000004
3533.4210000000003
3651.334
3673.786
3678.959
3682.3709999999996
4253.451
4564.407
4579.799999999999
4697.884
4734.049
4737.231000000001
4739.095
5307.977
5624.978999999999
5694.09
5746.608
5816.019
5820.03
5832.398999999999
6369.253
6695.878000000001
6740.224
6790.563
6869.4980000000005
6880.651
6896.086
1354.2369999999999
1683.267
1716.966
1764.423
1850.431
1864.991
1874.201
2404.364
2732.7219999999998
2757.0640000000003
2815.263
2897.214
2926.8
2928.931
3460.5899999999997
3775.549
3792.723
3858.5370000000003
3935.5679999999998
3971.16
3977.482
4509.368
4826.3550000000005
4839.237
4897.537
4971.426
5014.989
5017.729
5742.102
5899.888
5914.719
5948.705999999999
6015.46
6088.503000000001
6091.708
6816.263
6960.872
6974.925
6996.215
7055.054
7154.408
7155.384
1834.684
1977.911
1993.078
2007.735
2050.308
2173.5190000000002
2175.649
2908.6189999999997
3080.9190000000003
3106.938
3119.2760000000003
3128.624
3240.375
3257.904
3959.089
4155.012
4200.53
4206.217
4205.982
4326.3550000000005
4330.449
5672.656
5686.432
5688.964
5693.316000000001
5697.202
5701.472
5711.031
1687.241
1731.172
1738.907
1742.5459999999998
1745.017
1753.3490000000002
1758.612
2726.928
2810.563
2819.237
2843.272
2854.706
2858.538
2872.329
3787.674
3946.748
3974.256
3978.41
3980.134
3984.614
4833.016
4999.326
5056.179
5058.9890000000005
5061.885
5063.488
5878.271
6038.594
6130.644
6132.099
6135.348
6139.579000000001
6934.271
7089.972000000001
7208.722
7213.191
7217.445
7220.722000000001
1450.1599999999999
1610.4279999999999
1734.242
1744.07
1747.5590000000002
1752.263
2489.561
2647.384
2797.031
2808.688
2812.267
2813.6440000000002
3542.542
3694.436
3868.65
3995.626
3998.628
4001.6920000000005
4584.549
4746.735000000001
5043.877
5046.234
5069.353
5081.099
5637.829
5797.322
6098.552
6108.896
6119.298
6123.679
6683.019
6851.057
7150.785
7185.665
7188.455
7190.072
1678.126
1902.0829999999999
2139.15
2187.721
2195.149
2196.758
2730.415
2947.576
3206.5299999999997
3265.076
3287.689
3290.665
3769.505
3998.939
4257.314
4537.921
4689.521
4702.383
4822.575
5044.272
5310.286999999999
5703.728
5878.5160000000005
5968.950000000001
6124.036
6362.529
6782.898999999999
7017.138
7086.739
7240.455
1378.6970000000001
1798.054
2028.5190000000002
2106.082
2397.263
2433.524
2849.757
3083.65
3155.37
3454.943
3484.245
3898.438
4138.659
4192.261
4597.889999999999
4601.955
4938.17
5170.079000000001
5226.398999999999
5652.939
5654.719
5971.962
6207.713
6260.447
6707.822
6710.666
7196.762
7261.059
7307.175
2146.3489999999997
2172.6299999999997
2221.822
2283.199
2320.919
3221.128
3238.929
3279.793
3335.328
3377.409
4281.962
4291.839999999999
4321.815
4392.539
4464.013
5348.094
5353.652
5377.535
5521.183
5554.138
6404.8730000000005
6411.616
6433.758
6574.067
6621.779
1389.483
1394.141
1413.152
1558.427
1599.032
2452.4750000000004
2454.358
2462.907
2602.7619999999997
2638.171
3538.081
3554.681
3555.852
3738.6349999999998
4594.268999999999
4618.767
4620.206999999999
4826.632
5645.6720000000005
5687.636
5688.71
5871.375999999999
6752.7080000000005
6846.7029999999995
6860.546
7004.090999999999
1814.931
1904.485
1932.67
2002.8069999999998
2888.134
2999.692
3029.242
3080.842
3942.038
4115.612999999999
4116.957
4132.829
4986.025
5290.03
5294.722
5295.366
6145.868
6399.541
6403.213
6409.925
1203.796
1409.6789999999999
1409.047
1422.19
2255.88
2473.3179999999998
2473.979
2477.726
3307.474
3531.004
3536.741
3539.9120000000003
4364.1269999999995
4601.4
4605.984
4607.907
5400.031
5666.9169999999995
5665.352000000001
5667.168000000001
6448.044000000001
6729.764
6732.611000000001
6731.513
1445.9789999999998
1750.833
1751.744
1762.872
2502.75
2844.7239999999997
2842.892
2844.3469999999998
3557.515
3908.7019999999998
3916.408
3916.5969999999998
4618.090999999999
4977.6939999999995
4979.132
4981.642
5686.877
6093.907999999999
6098.312
6102.726
6783.268999999999
7189.451
7196.358
7199.907999999999
1797.933
2206.675
2207.468
2209.998
2864.771
3639.255
3647.0150000000003
3659.259
3913.085
4710.0109999999995
4709.326
4718.856
4944.84
5806.911999999999
5806.75
5811.101
5987.670999999999
6871.2119999999995
6875.880999999999
6878.032
7040.002
1891.7
1894.3319999999999
1896.671
2061.7999999999997
2982.227
2981.804
2984.462
3130.6600000000003
4039.959
4048.553
4048.7200000000003
4174.079
5085.357
5107.840999999999
5106.937
5230.328
6141.097000000001
6186.932
6183.795
6293.513
7199.264
7260.007
7267.035
1610.227
2208.9979999999996
2273.926
2278.775
2678.232
3255.058
3331.108
3334.497
3724.4480000000003
4294.864
4378.47
4384.407
4770.151
5340.629
5423.085
5427.616
5811.085
6404.271
6463.599
6465.373
6857.861
1427.6470000000002
1483.816
1484.037
1867.2869999999998
2531.44
2580.3340000000003
2583.745
2907.48
3600.2960000000003
3637.677
3637.366
3947.635
4671.261
4689.677
4693.376
4986.135
5738.031999999999
5752.375
5756.006
6210.316
6778.295
6802.784
6909.107
7275.024
1737.978
1749.627
1866.04
2216.929
2798.8759999999997
2802.269
3276.1800000000003
3845.784
3848.016
4330.188999999999
4900.191000000001
4901.408
5388.164
5958.861
5959.975
6450.781
7038.8859999999995
7038.782
1412.9940000000001
2021.5
2026.0790000000002
2456.789
3068.225
3069.419
3514.239
4118.468
4119.256
4560.81
5175.785
5178.383
5615.422
6228.826
6229.575
6664.283
7286.861
7292.724
1682.539
2308.695
2312.279
2743.16
3382.148
3387.8810000000003
3800.735
4436.879
4436.02
4848.701
5504.069
5503.178
5929.088
6575.608
6577.763
6987.951
1585.8129999999999
1587.34
1987.349
2901.884
2906.594
3042.567
4167.627
4172.166
4185.118
5236.183999999999
5236.688
5240.468
6303.099999999999
6305.036
6305.789
1305.162
1307.396
1309.297
2499.918
2501.4590000000003
2500.441
3564.911
3567.746
3568.431
4666.304
4666.802
4671.606
5787.78
5801.617
5795.473
6868.449
6871.294
6872.688
1837.5520000000001
1847.0200000000002
1844.6480000000001
3031.638
3054.286
3035.103
4143.558
4155.74
4161.05
5223.788
5222.379
5228.398
6292.142
6292.833
6302.432
7396.542
7417.728999999999
7426.221
2369.449
2403.312
2404.513
3416.861
3441.938
3444.288
4451.941
4483.437
4482.99
5506.411
5524.849999999999
5529.106
6554.929999999999
6574.865
6574.453
1569.528
1581.644
1586.0590000000002
2626.6929999999998
2637.1730000000002
2640.413
3757.69
3765.43
3776.2129999999997
5021.201
5026.093000000001
5063.437000000001
6089.816
6093.765
6134.106
7171.205
7298.8369999999995
7322.106
2210.8439999999996
2328.3680000000004
2345.9660000000003
3277.842
3396.816
3410.93
4329.6539999999995
4473.24
4476.906
5461.91
5544.7660000000005
5545.025
6499.661
6590.576
6591.503000000001
1511.522
1592.7230000000002
1592.676
2580.9139999999998
2653.1169999999997
2656.07
3625.5350000000003
3712.9210000000003
3713.534
4677.18
4764.109
4770.133000000001
5717.327
5808.804
5811.274
6764.1179999999995
6849.5650000000005
6850.8820000000005
1768.159
1843.92
1843.9270000000001
2821.031
2886.565
2886.83
3865.51
3943.951
3944.223
4977.983
5017.621
6025.411
6058.552
7065.257
7123.794
2076.3379999999997
2112.85
3130.81
3164.9590000000003
4177.923
4226.33
5280.746
5308.804
6329.46
6363.405000000001
1300.055
1333.437
2347.5589999999997
2380.2690000000002
3410.724
3423.586
4465.516
4470.699
5523.734
5525.045
6580.392
6582.661
1620.316
1623.029
2675.162
2676.319
3733.8619999999996
3736.4790000000003
4785.865000000001
4786.097
5827.2919999999995
5827.42
6884.138
6883.4439999999995
1860.838
1862.163
2949.596
2951.777
4023.869
4025.7940000000003
5095.603999999999
5098.084
6150.116
6154.42
7211.420999999999
7216.0869999999995
2218.141
2219.872
3275.001
3275.3489999999997
4320.054
5546.1
6600.656
1580.752
2634.423
3685.683
4735.722
5790.927
6846.339999999999
1844.1000000000001
2892.976
3937.94
4989.107
6042.324
